example,found_phrase,true_index,pred_index,true_sense,pred_sense,correct_index,correct_sense
"Вы, батюшка, в полку =без году неделя=; нынче здесь, завтра перешли куда в адъютантики.",без году неделя,1,1,1,2,True,False
"Я явился в школу тогда, когда все мои одноклассники еще крепко спали в постелях — и Зинка Фокина, и Миша Яковлев, и Алик Новиков, и Костя Малинин, — ну, этот-то, наверное, спит =без задних ног=!",без задних ног,2,2,2,1,True,False
"Он улыбался, перебирал струны, как будто так — всегда, =без конца и края=.",без конца и края,3,3,2,1,True,False
"О весна =без конца и без краю=, =без конца и без краю= мечта!»",без конца и без краю,3,3,1,2,True,False
И т. д. =без конца и без краю=.,без конца и без краю,3,3,1,2,True,False
"Осипов помнил, как женщины в канцелярии ломали голову над тем, почему генеральный не подписал один из документов, если тот был составлен =без сучка и задоринки=, и доломали ее до того, что решили, что генеральному разонравилась его собственная подпись и он теперь хочет отдохнуть от нее.",без сучка и задоринки,4,4,1,2,True,False
"А над ними ухает вторая, четвертая, восьмая связка, и уж кого-то придавили к земле, и он орет =благим матом=, кто-то влез в чужое, кто-то кому-то дал в лоб, и пошло, и пошло.",благим матом,5,5,1,2,True,False
"Он никогда не орет =благим матом=, как орал тот.",благим матом,5,5,1,2,True,False
"А то ведь болтают =Бог весть= что: мол, за барахлом мотаются, а мы денежки платим.",бог весть,6,6,1,2,True,False
"Может, и правда корытинский?  =Бог знает=. В ногах у них не стояли.",бог знает,6,6,1,2,True,False
"Она робко подошла к Председателю и поздоровалась; все (кроме Председателя, который отговорился плохим самочувствием) сели за стол, положили себе не =бог весть= какой салат, розлили по рюмкам дешевое вино и водку, заговорили об умном.",бог весть,6,6,2,1,True,False
"В простенке между окнами висели черно-красные таблицы и фотографии подкрашенных пейзажей, где реки были микронными капиллярами, берега — волокнами поперечно-полосатой мускулатуры, и громоздились горы, разверзались впадины, и все это геологическое по виду действие разыгрывалось в окуляре микроскопа с не =бог весть= каким увеличением…",бог весть,6,6,2,1,True,False
"Зигфрид и Рой — два бывших восточных немца, которые живут в Америке, создали роскошное шоу со своим передвижным театром, с большим балетом, с замечательным оформлением, с редчайшими животными — белые тигры-красавцы у них, крокодилы, слоны и =Бог знает= что.",бог знает,6,6,1,2,True,False
"Внизу домовой террасы по лугу извивалась река Сороть, а с правой стороны кругозора, =бок о бок с рекою=, лежало огромное озеро, за которым высился большой лес.",бок о бок с рекою,7,7,3,2,True,False
"Что касается моего личного мнения, то самым большим плюсом работы в ИТ-отрасли я как раз считаю возможность работать =бок о бок= именно с такими талантами, которые опровергают данное мнение.",бок о бок,7,7,2,3,True,False
Она от злости схватила кирпич и с ругательством =в мой адрес= стала бить фары и стекла моей машины.,в мой адрес,13,13,1,2,True,False
"В августе конгресс уже не только открыто клял президента, но и =в полный голос= призывал армию к перевороту.",в полный голос,15,15,1,2,True,False
Все =в один голос=: мальчик очень одаренный.,в один голос,15,15,2,1,True,False
"Но когда стал читать дальше, то понял, что „запланированное нападение пророссийских активистов “имело место в том самом McDonald’s — там, где после инцидента несколько десятков британцев =в полный голос= с гордостью скандировали: We Are British soldiers!",в полный голос,15,15,1,2,True,False
"Формально Мон-Сен-Мишель расположен на территории соседней провинции Нормандии, но уже =в «двух шагах»= от острова-монастыря начинается Бретань.",в «двух шагах»,17,17,2,3,True,False
"Старик с благодарностью взял наш гостинец в руки и положил его рядом с собой на старенький, =видавший виды= тастамал.",видавший виды,19,19,2,1,True,False
"Вообще серьезный был старик, =видавший виды=, не то что остальная трактирная прислуга, набранная с бору да с сосенки.",видавший виды,19,19,1,2,True,False
"Все это разнородное войско — =видавшие всякие виды= гвардейские подразделения, одетые с иголочки маршевые роты и офицерские команды, вся эта новенькая, без царапинки техника — все двигалось к фронту, навстречу тяжелым и для многих последним боям…",видавшие всякие виды,20,19,2,1,False,False
"Ключарёв и Алимушкин» — жутковато, причём =в самую меру=.",в самую меру,21,21,2,4,True,False
"Поговори с мужем, узнай, что у него лучше всего получалось в детстве. =В конце концов=, спроси его маму. Однако не воспринимай информацию буквально.",в конце концов,21,21,2,1,True,False
"Форумы, блоги, встречи ветеранов семнадцатого загона, легенды о Неуловимой и байки о Неуловимом, памятные места. Телешоу, =в конце концов=!  На кону пять миллионов!",в конце концов,21,21,1,4,True,False
"Такое необычное растение, =без сомнения=, украсит альпинарий.",без сомнения,23,23,2,1,True,False
"В России, известно, можно ожидать чего угодно, но целенаправленные консолидированные усилия по раскачиванию государственного корабля и слому имеющегося — =без сомнения=, пакостного — экономического уклада сегодня кажутся почти невероятными.",без сомнения,23,23,2,1,True,False
"Пусть там отныне и =во веки веков= все происходит так, как если бы нас не было.",во веки веков,25,25,2,3,True,False
"Трещали, пустозвонили =во всю ивановскую=.",во всю ивановскую,27,27,2,1,True,False
Был немец громом в землю вжат; Врага железный жар знобил: По бронеколпакам сержант =Во всю ивановскую= бил.,во всю ивановскую,27,27,2,1,True,False
"Финци Паска словно бы дал установку актерам сдерживать себя в те моменты, когда наступает время смешить зрителя — хотя очевидно, что именно комические сцены им удаются лучше всего, — и играть =во всю силу=, когда приходит время печали.",во всю силу,28,28,1,2,True,False
"А! закончила она, взявъ силою Джорджика, который сопротивлялся =во всю свою мочь=: — я думала, что ты зовешь его сюда: это была бы такая обуза.",во всю свою мочь,28,28,1,2,True,False
"Она (Мухина. — Авт.) создает свою последнюю монументальную работу «Требуем мира», и в этой ее лебединой песне голос скульптора снова звучит =во всю мощь=.",во всю мощь,28,28,2,1,True,False
"Государь писал герцогу, что он ни в чем неволить Ибрагима не намерен, но что =во всяком случае= он никогда не оставит прежнего своего питомца.",во всяком случае,29,29,1,2,True,False
"Красно-лиловый шелк платья, изумрудной зелени шаль, украшения из темного старинного серебра… Анализы их были =в полном порядке=. Два здоровых человека, не родившие за двадцать лет брака даже одной маленькой девочки…",в полном порядке,31,31,1,2,True,False
"И действительно, вы любите друг друга, у вас чудесные дети — вроде бы все должно быть =в порядке=.",в порядке,31,31,1,3,True,False
"Он был =в полном порядке=, когда они разошлись, — у нее совесть перед ним чиста.",в полном порядке,31,31,1,3,True,False
"Критерии жанра просты: это роман, написанный автором-женщиной от лица женщины, рассчитанный в основном на женскую аудиторию (хотя у нас сентиментальный роман, судя по всему, пользуется популярностью и на мужских «зонах»); в нём не должно быть социальных размышлений, а «красивая жизнь» должна описываться как можно подробней; любовный роман описывает жизнь =в розовом свете=, приподнято-оптимистично, и конечно, он должен быть достаточно сексуален.",в розовом свете,33,33,2,1,True,False
"Носителями этого являются люди, либо случайно попавшие к руководству районами, колхозами, машинно-тракторными станциями, либо живущие давними и подчас сомнительными заслугами, остановившиеся =в своем росте= и потому отстающими от жизни.",в своем росте,34,34,2,3,True,False
Черт бы не лез по такому густющему ельнику! А им тот непролазник был =в самый раз=.,в самый раз,36,36,1,2,True,False
А изображение знаменитого физика было помещено =в свое время= на итальянской банкноте достоинством в десять тысяч лир.,в свое время,37,37,1,2,True,False
"На самом деле это не так, и =в свое время= Бах считался старомодным композитором.",в свое время,37,37,1,3,True,False
"Почему «все»? — возразила Люба. =Все, без исключения=, — подтвердил профессор. Ну а дальше? — попросила Нюра.","все, без исключения",38,38,1,2,True,False
"Забавно было, что таким же недоверием ко =всем и каждому= — и в первую очередь к людям, живущим бок о бок, — была заражена и Вера Лазаревна.",бок о бок,40,7,1,3,False,False
"Угадала, — хрипло отозвался Митька — Бегай не бегай, =все одно= моя будешь.",все одно,41,41,2,1,True,False
Но это =все равно=. У нас нет выхода.,все равно,42,42,1,2,True,False
"Вовсе роком не отмеченным, 
  Первым =встречным-поперечным= — 
  Все равно какое имя там…",все равно,44,42,2,2,False,False
"Он никогда не =выдавал себя= за Христа, он не обещал вам от себя царство Божье.",выдавал себя,46,46,1,4,True,False
"Он не прочел ни одной книги, ничего толком не сделал, хотя после смерти отца =выдавал себя= за крупного специалиста и конструктора, который чуть ли не создавал для Кио номера.)",выдавал себя,46,46,1,4,True,False
"Ух, как подхватилась она, скомкала девку вместе с пеленками:  «Совсем мне, сироте от вас покою нет, еще и =рукам волю даете=!»",рукам волю даете,50,50,1,2,True,False
"Ужом извиваться?  И он решил =дать крюк=. Но там, на Монастырском клину, казалось, только этого и ждали.",дать крюк,53,53,1,2,True,False
"Владек то же самое соврал насчет Павла, и они встретились как раз на Нежинской, чтобы вместе пойти в порт и узнать что к чему. Оказалось, они напрасно =дали крюк=. Третий приятель, Юра Нежданов, был срочно увезен родителями к деду, в немецкую колонию Лилиенталь.",дали крюк,53,53,1,2,True,False
"=Держу пари=, Софья Максимовна специально не докрутила фуэте, чтобы ободрить эту неумеху Чурилину.",держу пари,54,54,2,1,True,False
"=Держу пари=, что некоторые из них даже поверили, что выдуманный ими заговор действительно существовал!",держу пари,54,54,2,1,True,False
И вот наконец с решимостью довести дело «Чайка-99» =до конца= агенты 911 — Александр Домогаров — и 700 — Екатерина Коновалова — среди собравшихся «подозреваемых» попытаются отыскать «виновников» и поставят на этом жирную точку.,до конца,55,55,3,2,True,False
А я буду тебя любить =до гробовой доски=.,до гробовой доски,55,55,2,1,True,False
"Вотъ вы увидите, что я буду такою же доброю и степенною матроной, какъ и ваша дорогая женка, которая любитъ васъ =до конца ногтей=.",до конца,56,55,2,1,False,False
"Эмиль Яннингс был профессионалом =до кончиков ногтей=; он привык работать, невзирая ни на какие обстоятельства, Ему понадобился минимальный срок: через два дня после возвращения он вышел на съемочную площадку.",до кончиков ногтей,56,56,1,2,True,False
"Он был =до кончиков ногтей= продуктом западной, главным образом французской культуры, ее новейшего искусства — живописи, скульптуры, поэзии.",до кончиков ногтей,56,56,1,2,True,False
"Нас было всего двое — я да еще некто Баратынский, казанский помещик и «гласный» — джентльмен в полном значении слова, =до конца ногтей=.",до конца,56,55,1,2,False,False
"Так справедливое замечание раскройщицы Дуси об участившихся за последний год подозрительных шушуканьях профкома =при закрытых дверях= вроде бы сначала и насторожило работниц, но по трезвому размышлению в дальнейшем было отброшено как несущественное.",при закрытых дверях,61,61,2,1,True,False
"Она одна только и знает, где кто схоронен, =многим закрыла глаза=.",многим закрыла глаза,62,62,3,4,True,False
"Чтобы выборы состоялись, Центризбиркому фактически пришлось =закрыть глаза= на подкуп избирателей путем проведения лотерей прямо на избирательных участках и вручения талонов на льготную оплату коммунальных услуг проголосовавшим жителям республики.",закрыть глаза,62,62,1,4,True,False
"Она может быть непрямая (ограниченная или полная, когда авторитарные режимы влияют на правительство =из-за кулис=); дуалистическая (когда они делят власть с гражданскими чиновниками), прямая (которая означает непосредственное и неприкрытое господство армии); квазицивилизированная (т. е. представленная, как гражданское правление, которое на деле им не является).",из-за кулис,63,63,1,3,True,False
"Не найдут ли нас пираты? — сказал я, с тревогой поглядывая в темную чащу. Могут найти =за милую душу=. Юрка отбросил в темноту кость и старательно вытер травой руки и подбородок.",за милую душу,64,64,1,2,True,False
"Они начинали темы, а потом импровизировали =за милую душу= каждый по-своему и все одновременно, но это не было какафонией:",все одно,64,41,1,2,False,False
"Все сделаем =за милую душу=, и побежит как миленькая!",за милую душу,64,64,1,2,True,False
"Очень классно в магазин за покупками ездить: рюкзак =за спиной=, одна авоська в одной руке, одна — в другой.",за спиной,65,65,4,2,True,False
"Портниху очень ценили у нас в доме за то, что она была так искусна в своем мастерстве. «Просто =золотые руки=», — говорили о ней.",золотые руки,67,67,1,2,True,False
Светлые головы и =золотые руки у= этих людей.,золотые руки у,67,67,2,1,True,False
"Сантехники в этом городе скопом =шли ко дну=, все больше и больше хлебая горькую и затхлую водицу.",шли ко дну,68,68,1,2,True,False
"Студийцы получали информацию, профессиональную и гражданскую, =из первых рук=, и это ..выращивало их, на этом они мужали.",из первых рук,75,75,1,2,True,False
Эта Ангелина — прямо =как бельмо на глазу=!,как бельмо на глазу,77,77,2,1,True,False
"И этих, истинно православных, пригнали, — тихо, =словно во сне=, говорила тётка.",словно во сне,78,78,2,1,True,False
"Все было, =как во сне=: звери, усталость, голод и тишина; и я убивал зверей.",как во сне,78,78,1,2,True,False
"[Лариса:] Я ослепла, я все чувства потеряла, да и рада. Давно уж =точно во сне= все вижу, что кругом меня происходит.",точно во сне,78,78,2,1,True,False
"Начиная с недружественного, оживленного комической экспрессией пересказа («Показал нечаянно свои ослиные уши»,  «Поистине, =точно во сне= мочалку жует!»,  «Право же, видно, что Каутский пишет в такой стране, в которой полиция запрещает людям «скопом» смеяться, иначе Каутский был бы убит смехом»), постепенно Ленин входит в свой стандартный режим «hatchet job» — прямых оскорблений оппонента:  «сладенькая фантазия сладенького дурачка Каутского».",точно во сне,78,78,1,2,True,False
"Ты ведешь себя =как в раю=, — ревниво ворчал Бибо, на самом деле очень польщенный взглядами прогуливавшихся американских солдат.",как в раю,79,79,2,1,True,False
"Два часа снимали редакторшу на фоне окна, за которым сияло фальшивое солнце (умельцы прикрепили снаружи фонарь, потому что на экране телевизора все всегда должно выглядеть так, =как в раю= при вечном свете дня), потом все переругались, оператор то и дело прекращал съемки, редакторша два раза рыдала и один раз сменила платье, гример пятнадцать раз пудрила ее и один раз — попутно — дедушку Ивана, который сидел в углу, бледный и голодный, всеми забытый.",как в раю,79,79,2,1,True,False
"Она возвращается домой, а =дома= будто уже есть Она.",дома,82,82,2,1,True,False
"В строю поговаривали, что нехудо бы с ним (Сашкой. — Авт.), уже понюхавшим пороху, идти не до одного только призывного, а и дальше. Чтобы так вот всех, =как есть=, не разлучая, определили бы в одну часть.",как есть,83,83,3,2,True,False
"Приметя то, седую Мышь толкает Мышонок молодой И говорит: «=Какой судьбой= Бесхвостая здесь с нами заседает?»",какой судьбой,84,84,1,3,True,False
"Что ж, Сорокин умеет нагнетать давление — под конец ерзаешь уже =как на иголках=: и? какое же слово составится из этих 23 000 людей-слогов?",как на иголках,87,87,2,1,True,False
Я и сама все про вас понимаю.  Вы мне ясны =как на ладони=.  Видите?,как на ладони,88,88,2,1,True,False
Там ты был весь =как на ладошке=!,как на ладошке,88,88,2,1,True,False
Горы Бичиктэ и Унчжюль видны =словно на ладони=.,словно на ладони,88,88,2,1,True,False
"Она вышла из магазина в новеньких баретках и, не будь дура, домой пошла. «А то, думает, папаня, =как пить дать=, обратно не купит по причине все той же дороговизны».",как пить дать,90,90,3,1,True,False
"То есть интеллигентно, =как и положено= врачу-вредителю:  «Ни зъим, так надвкишу!»",как и положено,91,91,3,2,True,False
"Конечно, начни я свое повествование в один, =как положено= (то есть считаю, что положено, а как на самом деле надо — не знаю), прекрасный день, подобных страниц, скорее всего, удалось бы избежать…",как положено,91,91,1,2,True,False
"Комната у меня уже покачивается перед глазами; плывет, фокусничает пространство, =как и положено= в аквариуме, превращая, под определенным углом, толщу — в линзу, то сплющивая собеседника, как камбалу, то растягивая, как рыбу-иглу…",как и положено,91,91,3,1,True,False
"Все тут будет в меру, все =как положено=.",в меру,91,21,1,4,False,False
Уже чувствовалось — им (казакам. — Авт.) надо искать спасения. И тут =как раз= выступил председатель северного района — урманный главком.,как раз,93,93,2,1,True,False
"Стоп! Остановите детей и не спешите в воду сами. Наша река больна, и наибольшие проявления ее болезни, увы, приходятся =как раз= на сердце города — акватории Центрального и Куйбышевского пляжей.",как раз,93,93,3,2,True,False
В первой =как раз= не забудешь: дикий рев Блэйда «ФРРРРОООСТ!,как раз,93,93,3,1,True,False
Щабель взял фольварк без единого выстрела. Их налет был =как снег на голову=.,как снег на голову,95,95,1,2,True,False
Правильней будет не пить. У тебя подчиненные бойцы — будь перед ними =как стеклышко=.,как стеклышко,96,96,3,1,True,False
"Гуров сонно смотрит на них обоих, таких пропыленных (пришедших к нему незвано и — что тоже не в пользу — совсем незнакомых ему своими лицами); на миг Гуров молодеет: резко повысив голос, он выкрикивает — никакой подмоги кому бы то ни было, какая, =к чертям=, подмога! — ему даже смешно слушать, чтобы он направил куда-то своих солдат выручать грузовики, которые по собственной дурости влипли в ущелье! …",в голос,102,15,3,1,False,False
"Конечно, все это есть в Церкви и является как бы составной частью ее, но есть в Церкви и другая сердцевина: встреча, — встреча =лицом к лицу= со Христом.",лицом к лицу,103,103,1,3,True,False
Избирательная кампания близка к финишу. В предвыборной борьбе — как и в большом спорте — зачастую главенствует принцип «победа =любой ценой=».,любой ценой,104,104,1,2,True,False
"Самая неприятная обязанность — вот эти дела, — сказал (Гончаров. — Авт.) как бы =между прочим=.",между прочим,106,106,2,3,True,False
"Оно уже =на веки веков= при мне, никакая сила его отнять у меня не может!",на веки веков,110,110,2,1,True,False
"Роман целиком, =на все сто процентов=, состоит из гэгов — классических сорокинских, проверенных временем, обкатанных во многих текстах гэгов: непременная гомосексуальная сцена, озорное групповое изнасилование, жаркий спор о мнимо общеизвестном, матерная интермедия, отрывок-«очередь», посещение эстрадного концерта, состоящего из феерических номеров, трехстраничная наркотическая галлюцинация, наконец, шутейное членовредительство под переиначенную советскую песню «Давай сверлить друг другу ноги — и в дальний путь, на долгие года».",на все сто процентов,113,113,2,1,True,False
"Подхорунжий Коростылев шел серединой улицы, настороженно приглядываясь к черным заплотам и бревенчатым домам, боялся темноты, неожиданности, безмолвия улицы, и =на всякий случай= кобуру нагана держал открытой.",дома,114,82,2,1,False,False
"В окнах флигеля виднелись скромные занавески и цветы. С левой стороны двора помещалась мельница, а прямо напротив — ряд амбаров. Чистота и порядок бросались =на каждом шату= в глаза,",на каждом шату,115,115,2,1,True,False
"Русский здравый смысл удержал его (Иванова. — Авт.) =на пороге= того искусственного, аскетического, символического мира, в котором потонул германский художник...",на пороге,116,116,3,1,True,False
"Неизм. Как выглядел отец в сорок пятом, =на пороге= новой жизни?",на пороге,116,116,3,2,True,False
"Немилость, в которую он (Наполеон. — Авт.) впадает у правителей Франции, служит ему =в пользу=.",в пользу,116,116,2,1,True,False
Жива еще мать... Хотя и =на пороге= смерти...,на пороге,116,116,3,2,True,False
"В первый раз услышал, не обиделся даже. =Не в бровь, а в глаз=. Коньки отброшу — Муди умер.","не в бровь, а в глаз",119,119,1,2,True,False
"И Александра Владимировна сказала, казалось, =ни к селу ни к городу=:",ни к селу ни к городу,126,126,2,1,True,False
"(Я. — Авт.) вдруг сообразил: академик, =ничего себе=! А я-то его за простого инженера считал.",ничего себе,128,128,3,1,True,False
"Если воззовем =от сердца=, то и получим.",от сердца,132,132,2,1,True,False
"Ну, все то, что делается не =от сердца=, а с задней мыслью, с желанием выставить себя в лучшем виде.",в лучшем виде,132,14,2,2,False,False
"У нас огромный кусок работы делаем мы сами и =от всего сердца= и стараемся объяснить, что только объединив усилия, мы сможем добиться результатов.",от всего сердца,132,132,1,2,True,False
"Эта жизнь начиналась там, где росла на улицах дикая вишня, а на заброшенных участках малина, вылезали против всех правил вдоль заборов чернушки, свинушки, сыроежки, а иногда и подберезовики с подосиновиками, отрывая от мягкой сырой земли тяжеленные водопроводные трубы, где строили на деревьях шалаши, наблюдали за пыльной дорогой, клали пятикопеечные монеты под паровоз, играли в ножички «двенадцать палочек», штандер «американку», просто футбол и настольный теннис и =от души= дуплились в «картошку», вечерами жгли костры и пекли в золе картошку настоящую, сыпали в костер марганцовку и соль, разводили огонь до небес, а потом уходили спать, и только царственная Мария Борисовна-Анемподистовна, боясь оставить хотя б один уголек в самую покойную и тихую ночь и жалея залить костер водой, чтобы не пропала зола, ворошила допоздна угли; где, как запах жасмина, стелился над ухоженной землей уют дачных улиц и сырых вечеров, бродили дачницы, ставили самовары с шишками, а дети рассказывали друг другу страшные истории, дурачили доверчивого новенького мальчика Илюшу, верившего в летающие тарелки, байками про инопланетян, выбросившихся десантом в пшеничном поле, и заставляли носить из колодца воду, чтобы заливать агрессоров, а сами уходили в пшеницу и ухахатывались до рези в животе, и потом, когда приезжали в августе комбайны и убирали поле, счастливые, кувыркались в стогах.",от души,133,133,2,1,True,False
"Забравшись с ногами на стул и запахнув легкомысленно розовый ночной халат, она говорит Соне (а Соня сидит напротив в брезентовом дождевике, перебирая ключи) — говорит о таланте Астрова и восхищается им =от души=, — и в ораторском запале проговаривается.",от души,133,133,2,1,True,False
"=От всей души= желаю Вам найти подходящую работу, ведь «учителем сначала нужно родиться, а потом уже стать».",от всей души,133,133,1,2,True,False
"Кот, мурлыкая, изгибая спину и хвост, терся о ножку стола, запах был — =пальчики оближешь=.",пальчики оближешь,136,136,1,2,True,False
"Я хоть и нахожусь временно в разводе, но с =первым встречным= никогда.",первым встречным,138,138,1,2,True,False
"У него сердце проваливалось, конечно, но все же беглянка возвращалась, только уже ночью, если он сам не перехватывал ее, когда догадался, что бросается в =первый попавшийся=, остановка же, как гриб, росла прямо у дома…",дома,139,82,1,2,False,False
"Смотри, смотри, точечка, так и далее, может, высмотришь для меня что-то умное, с чем не страшно пойти в жизнь то ль грядущую, то ль, как водится, в очередную, — а это все равно что сходить за =первый попавшийся= угол, где обязательно сидит разливающий спиртосодержащую жидкость и очень на эти мгновения доблестный, блещущий нескрываемой человечностью бомж.",все равно,139,42,1,2,False,False
"То есть это были дети-воображалы, о которых малышня в родном дворе пела, дразнясь:  Вображуля =первый сорт=, 
  Куда едешь?",первый сорт,140,140,1,2,True,False
"[Эдуардов:] Болеро, па-де-труа, вальс, чечетка — выбирай =по вкусу=. [Наконечников:] Вальс-чечетка.",по вкусу,141,141,2,1,True,False
И опять после паузы: — А у меня домашняя есть… =Высший сорт=… А?,дома,141,82,1,2,False,False
"Вы были правы =по всем статьям=, и нечегоеспокоиться.",по всем статьям,142,142,2,1,True,False
Хочу окончательно обставить 93-й.  =По всем статьям=.  И хочу на следующий год выйти в Атлантику.,по всем статьям,142,142,2,1,True,False
Город напичкан советской символикой =по самое горло=.,по самое горло,143,143,2,1,True,False
"Наконец поднялся в рост, перешагнул корягу и двинулся дальше по воде, то по грудь, то по пояс, но чаще =по самое горло=.",в рост,143,34,2,2,False,False
"Вам, друзья, по-моему, в самый раз будет сделать =по глотку= доброго старого коньяка, — сказал один из троих.",в самый раз,143,36,2,1,False,False
"Капитан Колотилин опоздал на НП, к своим ротным, на целый час потому, что засиделся у Светы. Само собой получилось: им было почти =по пути=, он проводил ее до землянки и затем зашел напиться водочки.",по пути,145,145,1,3,True,False
"Во втором — Колян возвращается с «вечерины», по-видимому, уже отзажигав, и =по дороге= «сосет из бутылки лимонад».",по дороге,145,145,1,2,True,False
"К Окуличу я заехал =по дороге=, но его не оказалось дома, и поговорить с ним в этот день не удалось.",дома,145,82,2,2,False,False
"Мустыгины, располагай они некоторым запасом времени, разворошили бы старые подшивки областных газет, =по душам= покалякали бы с пьющими аспирантами Тимирязевки, пораскинули бы верткими мозгами и на всякий случай завели бы тайно хранимое досье на министров, власть свою употреблявших на создание в стране голода.",на всякий случай,146,114,1,2,False,False
"Мне нравились его стихи, хотя они были написаны =по моде= того времени немножко под Северянина.",по моде,148,148,1,2,True,False
"Стал Шишлин и ростом выше, и крупнее; галстук, белая рубашка, двубортный пиджак, брюки =по моде=, без манжет.",по моде,148,148,1,2,True,False
"Я пишу эту колонку сегодня, в пятницу утром, даже не =по горячим следам=, а по живому, поскольку драма на улице Мельникова продолжается.",по горячим следам,150,150,1,2,True,False
"Кстати, лагерь именно здесь был поставлен =по счастливой случайности=, ибо его установка планировалась в дальней части Галереи Григоряна у озера.",по счастливой случайности,151,151,2,1,True,False
"=По чистой случайности= один из прибившихся к нему большевиков нашел ему комнату, где заседала комиссия по вещевому снабжению Красной гвардии.",по чистой случайности,151,151,2,3,True,False
"И над этим другом как часто сетует наша душа, как часто сетуют и Марфа и Мария: та сторона нашей души, которая по своему призванию, =по своим силам= и возможностям способна молчать у ног Господних, слушая каждое Его слово, делаясь живой и трепетной от каждого животворящего слова Господня, и та сторона нашей души, подобная Марфе, которая способна была бы в правде и чистоте, с вдохновением творить в жизни дела Божии, которая могла бы быть не встревоженной служанкой, не мятущейся Марфой, какой мы часто бываем по образу растерявшейся Марфы евангельской, а трудолюбивой, творческой, живой Марфой, способной превращать своими руками, своей любовью, своей заботой все самое обыкновенное вокруг нас в Царство Божие, в явление любви человеческой и любви Божией.",по своим силам,151,151,1,2,True,False
"Об этом следует задуматься многим людям, особенно тем, кто склонен поучать, как следовало бороться в условиях, о которых, =по счастливому случаю=, этот пустой учитель не имеет представления.",по счастливому случаю,151,151,2,1,True,False
"Отметим, однако, что широкомасштабные инвестиции в развитие региональной сети филиалов и дочерних банков =по силам= только крупным финансовым группам.",по силам,151,151,1,2,True,False
"Мне оказалось не =по силам= постичь причудливое остроумие автора, равно как различить владельцев «пулевидной» головы и головы «костистой», которой к тому же «присуще редкостное изящество», и продираться через вымороченную стилистику Пика («Внутренность Горменгаста < замка> озлобленно легла перед ним с видом враждебной интимности…») было мучительно.",как раз,151,93,1,3,False,False
"В случае крупномасштабной агрессии со стороны превосходящего =по своим силам= противника предусматривается ведение национальными ВС оборонительных боевых действий с привлечением всех имеющихся в стране людских и материальных ресурсов, использование всех форм сопротивления и вооруженной борьбы, в том числе партизанской.",в случае,151,43,1,2,False,False
"В свое время В.В. Крестовский писал про одного литератора (слова эти будто предсказывают судьбу Шкляревского), что тот «принадлежал к тому темному, рабочему классу журнальной литературы, который смело, =по всей справедливости=, можно окрестить именем литературных каторжников.",в свое время,152,37,2,1,False,False
=По справедливости= он считался самым лучшим в Москве.,по справедливости,152,152,2,1,True,False
"Каким быть музею в городе, где полчища пришельцев с тракторами, бурильными установками и прочими инструментами технократической эпохи не только до неузнаваемости перевернули и изувечили землю древних хантов, но и, =по сути дела=, загнали в резервацию и почти что уже погубили этот маленький народ, оказавшийся на пути у беспощадного катка цивилизации?",по сути,153,152,2,2,False,False
"Понять ее можно — ведь я была, =по сути дела=, ее первой ученицей, которая вышла на сцену крупных театров.",по сути,153,152,2,2,False,False
"Тем удивительнее, что в Заключении комитета, приводимом в [5], упоминается лишь краткая статья [10], причем ее содержание, =по сути дела=, совершенно искажено (!)",по сути,153,152,2,2,False,False
"=По сути=, это — ключевой орган ООН, отвечающий за координацию деятельности системы Организации в экономической, природоохранной и социально-правовой сферах.",по сути,153,152,2,2,False,False
"Пугает, что в стране не нашлось ни одной группы педагогов или ученых, которые достаточно внятно сказали бы, что возражения =по существу= реформы — ахинея.",по существу,153,153,2,1,True,False
"Гурьев отвечал отрывисто, коротко и =по существу=.",по существу,153,153,2,1,True,False
"Программу концерта попросили составить из русских романсов, поскольку русскую музыку, а тем более камерную, здесь =по сути дела= совсем не знали.",по сути,153,152,2,2,False,False
"В рабочих материалах группы зафиксирован его тезис о необходимости интеграции в языки программирования средств взаимодействия с операционной средой; =по сути=, Лавровым была предложена концепция современных API.",по сути,153,152,2,2,False,False
"Так эта княжна живет во дворце? — спросила Мариула, и глаза ее необыкновенно заблистали, и румянец снова выступил на лицо. =Под бочком= у самой государыни. Государыня ее очень жалует.",под бочком,155,155,1,3,True,False
"Активные формы кислорода образуются прямо у нее =под боком=, а она от них ничем не отгорожена — у нее нет ни собственной оболочки, ни защитных белков, которые могли бы принять на себя удар.",под боком,155,155,1,2,True,False
"Там Безбородкин сад, Охта =под боком=. Нева в двух шагах.",в двух шагах,155,17,1,1,False,False
"У многоярусного железного фонтана, что недалеко от перекрестка Саят-Новы и Ханджяна или от Дома шахмат, считай как хочешь, собралось множество народу, были заняты не только все столики примостившегося =под самым боком=, почти в зоне, куда ветерок, если б он дул, неизбежно относил бы брызги, летнего кафе, люди сидели на скамейках и принесенных откуда-то стульях рядами, лицом к источнику влаги, окружив его со всех сторон, еще несколько десятков зевак толпилось за спинами сидевших, и все глядели неотрывно на игру струй, словно на некое невиданное феерическое зрелище.",дома,155,82,2,2,False,False
"Я уважаю врачей, которые меня лечили. Но не они, не они, черт возьми, =поставили меня на ноги=. На меня волшебно действует ваш советский воздух.",поставили меня на ноги,158,158,1,2,True,False
Товарищи учащиеся! Наша задача: пойти на вокзал и разгрузить вагон с дровами. Вопрос ставлю на голосование. Кто за — =поднимите руки=.,на голос,159,15,4,2,False,False
"И все теперь знают: воруй все подряд, что =под рукой=.",под рукой,161,161,1,3,True,False
"— Что у нее за семья, как она воспитывалась, кто =приложил руки= к ее развитию?",приложил руки,165,165,2,1,True,False
"Один из них, самый высокий, =приложил руку к= козырьку фуражки и стал медленно удаляться от дома.",дома,165,82,1,1,False,False
"Волкомич покрутился возле станочников, заглянул в ящик с отходами, выбрал для себя несколько ломаных сверл и три сработанных фрезы. Им это отходы, а ему =руку приложить= — и будет в самый раз.",в самый раз,165,36,2,1,False,False
"У открытой могилы, =рука об руку=, стояли родители Нади, приехавшие из Серпухова, старые, маленькие, коренастые, он — в поношенной шинели с зелеными кантами, она — в старенькой шубе и в приплюснутой шляпке.",рука об руку,174,174,1,2,True,False
"Второй части респект за мясо, но идея уже =сама по себе= не ахти какая.",сама по себе,175,175,2,1,True,False
"Примечания переводчика, =сами по себе= разумные, немногочисленны и ни в какой мере комментариев не заменяют.",сами по себе,175,175,2,1,True,False
"А маринованные огурчики «Помидор ПРОМ» (720 г, 84 ккал) от ОАО «Волгоградский Губернский Консервный Холдинг» хороши как в салате, так и =сами по себе=.",сами по себе,175,175,2,1,True,False
"Как я тогда завидовала мальчику-соседу Алеше, что у них есть такой инструмент, на котором не надо нажимать на клавиши (только ногами на педали), и музыка получается =сама собой=!",сама собой,176,176,1,3,True,False
ну и деньги =само собой= и одежда для этих условий.,само собой,176,176,3,2,True,False
"Как только обозначается рабочий день, примерно раз в месяц, иногда чаще, иногда реже, а случается, что и два дня подряд, к Алеше подкрадывается сладкая и неопределенная истома, как перед встречей с женщиной, редко соглашающейся на свидания, он невольно начинает холить себя и нежить, дает себе выспаться, книги читает спокойные, эпического и чистого письма, окунаясь то в «дворянские гнезда» с их теплой и возвышенной жизнью под просторным небом, то в размеренное и ленивое существование старых городов, настроен в такую пору, несмотря на волнение, приподнято, по утрам вскакивает с постели быстро и радостно, то и дело застает себя за мурлыканьем какого-нибудь лирического мотива, волны вдохновения наплескивают в сердце и =сами собой= являются первые слова, которые он скажет и от которых заранее хмелеет.",сами собой,176,176,1,2,True,False
"Помню, когда был маленьким, у нас, на Урале, их сажали в огородах рядом с гладиолусами и всякими розами. Теперь же они =сами собою= растут. Интересно.",сами собою,176,176,2,3,True,False
"А с другой стороны, взять, например, Жору — загоревший качок, а ума =с гулькин нос=, как выяснилось.",с гулькин нос,180,180,1,2,True,False
"И вот нас опять осталось =с гулькин нос=, а в этом вопросе мы за сорок лет ничуть не продвинулись.",с гулькин нос,180,180,1,2,True,False
"И тряхнула крашеной головой, и =с маху= положила ладонь на струны.",с маху,185,185,2,1,True,False
"С психическими мы вот что делаем, — и Аника =со всего размаху= пихнул ее в сугроб, — это лечит!",со всего размаху,185,185,1,2,True,False
"Лина повернулась и пошла — он бросился было за ней, но тут Нейман очень ловко подставил ему сапог, он упал и =с размаху= стукнулся об пол.",с размаху,185,185,2,1,True,False
"По выходе, счастливый и распаренный, я купил в аптечном киоске этот самый немецкий «Фигаро», облил им себя дома =с головы до пяток=, наодеколонил простыни и лег спать, видя счастливые сны из нашей будущей прекрасной жизни.",дома,186,82,2,2,False,False
"Она долго тиранила меня, ускользая, и вдруг ошеломила доступностью; и потом, беря сигарету, меланхолично заметила, что наслаждение схоже =с огнем=, поскольку и то и другое можно добыть трением.",с огнем,187,187,2,1,True,False
А лавку организовали =середь бела дня= в центре населенного пункта.,середь бела дня,189,189,1,3,True,False
"Не то, что проехать, пройти даже =средь бела дня= стало чрезвычайно опасно.",средь бела дня,189,189,1,3,True,False
"Если мы заберем деньги опережающими темпами, то в феврале будем сидеть и =сосать лапу= без этих денег», — резюмировал обозленный Сердюков.",сосать лапу,190,190,2,1,True,False
"Он открыл дверцу буфета — бутылка =стояла на месте=, — сковырнул с нее металлическую крышечку…",на месте,192,116,1,3,False,False
"Да еще Господин Некромант, вероятно, хотел подойти, потому что остается =на месте стоять=, а не выходит из зала.",на месте,192,116,1,3,False,False
Что будет со страной?» — «А что у тебя-то перевернулось?  Кровать =на месте стоит=. Водка — та же».,на месте,192,116,1,3,False,False
"Книжная жизнь столицы не то чтобы бьет ключом, но и не =стоит на месте=.",на месте,192,116,1,3,False,False
"Где припомню в любые моменты
 Непреложные факты и даты, 
 И =на месте стоят= континенты, 
 Что сегодня дрейфуют куда-то.",на месте,192,116,1,3,False,False
"Но глухой ничего не услышал, и солдат, чувствуя почему-то угрызения совести, остался =стоять на месте=.",на месте,192,116,1,3,False,False
Ни один предмет не =стоял на месте=.,на месте,192,116,1,1,False,False
"Развитие в тепличных условиях, когда «перекормленность» инвесторскими деньгами позволяла слишком много тратить на маркетинг и допускать грубые стратегические просчеты, может закончиться плачевно в условиях, когда поток инвестиций почти =сошел на нет=.",сошел на нет,194,194,2,1,True,False
"Сначала все это называлось вокально-инструментальным ансамблем, потом рок-группой, по сути оставаясь, как это называют, попсой — поскольку и певец-то был попсовый, и слава его скоро =сошла на нет=.",по сути,194,152,1,2,False,False
"Но моему студенческому поколению повезло: вроде бы шестидесятники уже =сходили на нет=, наступала эпоха застоя, а преподаватели как раз очень интересные были.",как раз,194,93,1,3,False,False
Я прямо =с ума схожу= от этого счастья. Прямо целый день готова танцевать.,с ума схожу,195,195,1,2,True,False
"Женщины говорят: без паспорта, без карточек, в чем была, — =с ума сойти=!",с ума сойти,195,195,2,1,True,False
"Они (музыканты. — Авт.), должно быть, позабыли раньше настроить свои скрипки и дудки, и теперь впопыхах занялись этим делом при всем честном народе. Шум, гам, =с ума сойти=!",с ума сойти,195,195,2,1,True,False
"Ирина решила гнать неверного мужа из дома, но мать сказала:  Ты что, =сошла с ума=?  Кто же отдает родного мужа в чужие руки?",дома,195,82,1,2,False,False
"Кравец прикидывал =и так и сяк= и в конце концов вместе с Мартином Кроненгером нашел следующее решение: оказавшись на несколько дней в Москве, договором купли-продажи переоформил квартиру на Владислава Егоровича Прикащикова, секретаря Мартина, — с тем, чтобы, невзирая на отсутствие Кравца, Мартин Кроненгер — друг и доверенное лицо — смог бы без особой спешки найти реального покупателя и перевести деньги в Данию на имя Лениного жениха.",в конце концов,196,21,2,2,False,False
Никто не жил «=так себе=» во избежание дальнейших вопросов.,так себе,197,197,2,1,True,False
"[Сергей Федорович: Попадается на дороге старичок. =Так себе= — старичок. Бородка беленькая, сам небольшой... с меня ростом.",так себе,197,197,1,2,True,False
"И я люблю быструю езду!  =Теряю голову=. Но ведь может случиться, что старенькая колымага не сможет того, чего от неё ожидают.",теряю голову,198,198,1,3,True,False
И самое главное — за пределами постсоветского пространства Путин должен быть =тише воды ниже травы=.,тише воды ниже травы,199,199,2,1,True,False
мне =только что вот= Мотя рассказал,только что вот,200,200,1,2,True,False
"только бомбы )  чтоб сразу подложить и выдать за то, что я якобы =только что= написала…",только что,200,200,1,2,True,False
Англичане давно =точили зуб на= посла Обухова.,точили зуб на,202,202,1,2,True,False
"И надоела им, если честно, эта колбаса =хуже горькой редьки=.",хуже горькой редьки,207,207,1,2,True,False
"Дорогой Василий Михайлович, надоел я вам =хуже горькой редьки=, да и сам себе надоел еще больше.",хуже горькой редьки,207,207,2,1,True,False
"=Честное слово=, обидно ни за что ни про что концы отдать.",честное слово,208,208,2,1,True,False
"Какой же нелепой показалась ему вдруг мысль о расставанье. Так и сказал: «Не могу я больше жить без тебя, Клаша! =Честное слово=, не могу».",честное слово,208,208,2,1,True,False
"Сегодня опаздывала на репетицию, мчалась =что есть духу=, споткнулась, и тетрадь с ролью выскользнула на землю!",что есть духу,209,209,1,2,True,False
"— Я с вами уеду, я за каретой вашей побегу, если меня не возьмете, буду бежать =что есть мочи=, покамест дух из меня не выйдет.",что есть мочи,210,210,2,1,True,False
"Юра отошел назад, разбежался и головой =что было мочи= ударил немца в живот, ниже блестящей ременной пряжки.",что было мочи,210,210,1,2,True,False
Я расправил крылья во всю ширь и гаркнул =что было мочи=:,что было мочи,210,210,1,2,True,False
"Я обернулся к площади и увидел Максима Максимыча, бегущего =что было мочи=…",что было мочи,210,210,1,2,True,False
"Наконец Димка уловил темп, прыгнул и ахнул =что есть силы= прямо в того пижончика.",что есть силы,211,211,1,3,True,False
"Андрюха с выдохом лупит =что есть силы= по тугому мячу, направляя его в «дыру.",что есть силы,211,211,2,1,True,False
"С ликующим визгом устремлялась она теперь повсюду: под стол, где часто валялись упавшие листы с черновиками Баховых сказок (бумагой можно было громко шуршать, затем рвать ее на куски и с аппетитом жевать); под низкую Кларину кровать, где холмился песок, расчерченный легкими следами домашних мышей (песок можно было бесконечно долго пропускать меж пальцев, разгребать, сгребать обратно в кучу — и бить ладонью =что есть силы=, наблюдая за полетом песчаных брызг); под высокую Тильдину кровать, в пропахшие пылью щели меж старых сундуков (пыль и паутина были противны на вкус, но мягки и приятны на ощупь); за печь, где имелись и дивная жирная сажа, и липкие от смолы щепки, и сытная известковая крошка (сначала Анче подбирала ее языком с пола, а затем научилась сгрызать и слизывать с печного бока).",дома,211,82,1,2,False,False
"Прям на него пер танк, метров на пять по обе стороны все были мертвые в окопе, зашарил слепо по передней стенке и провалился в нишу, нащупал пальцами железный ком гранатной связки, немного посидел, угнувшись, вбирая сладостно нутром, с каким-то гибельным восторгом растущий лязг, натужный рокот, дождался предпоследней близости махины и, распрямившись в рост, швырнул =что было силы= связку.",в рост,211,34,1,2,False,False
Мстительница схватила Лену за волосы и принялась =что есть силы= бить головой о дерево.,что есть силы,211,211,1,2,True,False
"Побежал Купец =что есть силы=, выскочил на набережную — и к мосту.",что есть силы,211,211,1,3,True,False
"Только они всегда были нужны не сами по себе, а как система координат, чтобы место свое знать, а теперь все сломалось, сломалось, я ни слова не могу написать, ни =шагу ступить=, потому что кто же скажет, хорошо или плохо?",сами по себе,213,175,1,1,False,False
"Приперся в лабу, живет вторую неделю, в результате производительность моего труда катастрофически упала, но Стеклову-то не объяснишь… А сам Баев, спрашиваю, =язык проглотил=?  Вот и чудненько, сказал Петя куда-то в сторону, она тебя зовет — иди, побеседуй.",язык проглотил,214,214,1,2,True,False
"С каждой минутой твои =акции падают=, — важно заявил Крячко.",акции падают,218,218,1,2,True,False
"А чего ты волнуешься, — генерал захрустел в трубку утренним тостом, — ты не волнуйся. Подумаешь, =акции упали=. Какой ты, брат, нервный.",акции упали,218,218,1,2,True,False
"Сейчас же отличительными чертами группы стали позитивность и оптимизм, и делать третий подряд альбом в том же ключе означало бы =бег на месте=.",на месте,221,116,2,3,False,False
"Когда я сильно спешу, а в последнее время, пересев на достаточно мощную машину, я сильно спешу почти всегда, пробка невыносима, как холостой безрезультатный =бег на месте=.",на месте,221,116,2,3,False,False
"Дай, Бог, ему жизни, но это как бы… =бег на месте=.",на месте,221,116,2,1,False,False
"Ермолов держал карты, сощуря правый глаз; когда =бил карту=, щурил его еще больше.",бил карту,223,223,1,2,True,False
"Но вдруг у Неизвестного:  «Для меня война — это отдельно стоящее дерево, или сооружение, или бруствер, или вдруг =божья коровка=, которая по траве перед твоим носом ползет».",божья коровка,227,227,1,2,True,False
"Это были еще те мужики, которые несколько лет тому назад умело =брали на мушку= фашистов.",брали на мушку,234,234,1,2,True,False
"На остальном фронте нашего расположения в Восточной Пруссии минувшие сутки 14-го января прошли спокойно, но в районе к северо-востоку от Даркемена, близ Альт-Майгунишкен, немцы =вели атаку на= наши позиции.",вели атаку на,242,242,2,1,True,False
"Ушла в прошлое узкая специализация футболиста; отныне защитник должен уметь =вести атаку=, а нападающий — отбирать мяч и совершать подкаты.",вести атаку,242,242,2,1,True,False
"На месте национальности Иды Фрязиной тоже останется =вопросительный знак=, ибо в те времена народ еще не разложился для Эдика на национальности.",на месте,248,116,1,3,False,False
"Толстой... начал долго и обстоятельно докладывать... о предстоящем музыкальном сезоне, о =восходящих звездах= музыкального мира.",восходящих звездах,250,250,2,1,True,False
"У него в шейке мочевого пузыря была опухоль, которую через канал удалил блестяще хирург Дюфур, родившийся и учившийся в средней школе в Петербурге, сын русских французов, =восходящее светило= в медицинском мире.",восходящее светило,250,250,1,2,True,False
"=Высший сорт= — просеянная ржаная — годится для любой выпечки, зато крепкий квас получится только из =третьего сорта= — обдирной ржаной.",высший сорт,254,141,1,1,False,False
"В самом деле, если ракета сама по себе =выходит на орбиту= спутника и никакая ориентация не требуется, то почему бы не использовать для передачи параметров «Трал», который уже стоит на носителе.",сама по себе,259,175,1,2,False,False
Это =генеалогическое дерево= представит для меня как администратора значительный интерес.,генеалогическое дерево,261,261,2,1,True,False
"И хотя сам по себе чемпионат России мероприятие важное, открывающее путь на мировые турниры, он стал всего лишь =генеральной репетицией= перед событием более ответственным.",сам по себе,262,175,2,2,False,False
"Конечно, и тут Льва Ильича выручает его =двойная бухгалтерия=, позволяющая в дореволюционном прошлом России видеть только подвижничество отдельных православных святых; всякое же упоминание негативных фактов русской истории вызывает с его стороны только яростное негодование, тут же перерастающее в обвинение в «ненависти к России» в адрес тех, кто осмеливается об этих фактах напомнить.",двойная бухгалтерия,265,265,1,2,True,False
"Богодухов отказался от пустых, маскарадных, негласных потуг группы оппов, как пометили наверху внутренних оппозиционеров, противостоять духу разложения, сифонившему с вертлявых партийных верхов, и со страстью бросился в публичную стихию, которая в те торопливые дни вознесла рядового инструктора ЦК КПСС на =девятый вал= недовольства перестройкой.",девятый вал,266,266,2,1,True,False
"Только прикупил огнестрельного оружия, боеприпасов и, как ни в чем не бывало, продолжает обитать на хуторе вместе с переводчицей Эльвирой Шульц. =Держит круговую оборону=. Оптимист!",держит круговую оборону,272,272,1,2,True,False
"Для достижения этой цели могут использоваться правовые механизмы, например проведение через парламент законов, обеспечивающих =доминирующее положение= правительственной партии.",доминирующее положение,276,276,1,2,True,False
"Постсоветская Россия в лице управленческих структур разного ранга (включая структуры высшего уровня) сознательно заняла позицию слабого коммуниканта во взаимодействии с крупными мировыми субъектами, прежде всего с США, странами Западной Европы и международными финансово-экономическими организациями, где эти страны занимают =доминирующее положение=.",доминирующее положение,276,276,1,2,True,False
"Ведь если бы все девочки имели бы один и тоже возраст наступления сексуальной зрелости, а именно, как можно раньше, это должно было давать сильное преимущество с точки зрения =естественного отбора=, поскольку обеспечивало бы большее потомство.",естественного отбора,279,279,1,2,True,False
"Она… — кричал Раздутый, и я вздрагивала, как от удара кнутом, от этого местоимения =женского рода=, третьего лица, единственного числа.",женского рода,282,282,1,2,True,False
"Феминитивы (или феминативы) — слова =женского рода=, альтернативные или парные словам мужского или общего рода, обозначающим профессию или род занятий.",женского рода,282,282,1,2,True,False
"Популярный же в 1980-90-е годы образ бизнес-леди — красивой «супервумен», с легкостью затыкающей за пояс коллег-мужчин, — может отодвинуться на =задний план=, уступив место более привычному образу хранительницы домашнего очага.",дома,284,82,2,1,False,False
"В окончательном же анализе социальных явлений моменты качественного своеобразия каждого историч. этапа приобретают столь доминирующее положение, что математич. метод часто отступает на =задний план=.",доминирующее положение,284,276,2,2,False,False
"Ему в комбинезон заботливая мамаша подкладывает тщательно отобранный высушенный мох (своеобразные чукотские памперсы), и, когда надо, ребенок самостоятельно расстегивает специальный клапан, палочкой счищает этот мох, затем =клапан закрывает= и бежит дальше…",клапан закрывает,287,287,1,2,True,False
"Если в служебных и семейных отношениях вам постоянно приходится уступать, =играть вторую скрипку=, лучшая компенсация — занятие жесткими видами спорта, например борьбой.",играть вторую скрипку,293,293,2,1,True,False
"Человек, задуманный как литератор, поэт и критик, погружается в мир идей, причем идей шестовских, то есть, в сущности, в борьбу с идеями, в патетическую и как бы заранее проигранную борьбу с очевидностями, разумом и порядком, с законами природы и морали, с «дважды два четыре» и с =категорическим императивом= — во имя чего-то, что, как и у Шестова, остается у него, в общем, неназванным.",категорическим императивом,301,301,2,1,True,False
"Чем удивлял нас, одноклассников, вызывая, исключая меня, =комплекс неполноценности=.",комплекс неполноценности,306,306,2,1,True,False
"Он ведь сказал Феде Евсееву, что у Сталина =комплекс неполноценности=, связанный с философской необразованностью.",комплекс неполноценности,306,306,1,2,True,False
"Несколько лет крутилась возле них, без всякой механизации, на покупном сене, — =коэффициент полезного действия= был близок к нулю, на коров она работала.",коэффициент полезного действия,308,308,2,1,True,False
"Это я узнаю, когда начинаю интересоваться, можно ли установить такую компактную и чудодейственную технику дома. Сумма, учитывая =коэффициент полезного действия=, небольшая. Поэтому примерно половина покупателей ЭМС-тренажеров — частные лица.",дома,308,82,2,1,False,False
Автограф» этого мастера — это великолепные =крупные планы= и ракурсы.,крупные планы,313,313,1,2,True,False
"Я, конечно, очень извиняюсь, но солнце закатилось, и я совершенно ничего не вижу… =Куриная слепота=. Так уж наша порода устроена…",куриная слепота,315,315,1,2,True,False
"Поняв, что =лобовая атака= захлебнулась, Путин заявил о поддержке Яковлева, а вести правильную осаду Смольного предоставил городской прокуратуре и только что созданному полпредству.",только что,319,200,1,1,False,False
"Но когда они попадают в достаточно сильное =магнитное поле=, т.-е. в сферу значительного магнитного действия, имеющего одно определенное направление, то они в большей или меньшей степени поворачиваются, «ориентируются» по линии этого притяжения, и их собственные действия уже отчасти не уничтожают друг друга, а складываются: оправа становится сама активно-магнитной в целом и усиливает, таким образом, основной магнит.",магнитное поле,321,321,1,2,True,False
"Кроме прямого влияния на локомотивные катушки, =магнитное поле= ЛЭП косвенно влияет на них за счет наводимых в раме локомотива вихревых токов.",магнитное поле,321,321,1,2,True,False
"20. 13. Проводник массой m 20 г и длиной l 98 см помещен в однородное =магнитное поле=, индукция которого равна B 0, 02 Тл, и подключен к источнику постоянного тока.",магнитное поле,321,321,1,2,True,False
"постепенно в зверинце светает, и мы видим в прореху кусок неба. =Обман зрения=, иллюзия, уплывающее вдаль облако. Самый разгар дня.",обман зрения,341,341,1,2,True,False
"Отец советской военно-космической программы Владимир Челомей (на =переднем плане= слева) построил ракету, чтобы отправить в космос ядерную бомбу и спутник-истребитель",переднем плане,347,347,1,2,True,False
"Правду говорю. Тут, широко зевнув, =жару подбросила= Авдотья:  Кака така болесь — фершала не признают…",жару подбросила,353,353,3,2,True,False
"Когда солнце вовсе насело на мужские и женские плечи да так =поддало жару=, что лбы задымились, раздался новый ропот.",поддало жару,353,353,1,2,True,False
"Как удалось установить, соотношение обычной материи и темной является =величиной постоянной=.",величиной постоянной,359,359,1,2,True,False
"Если вы мечтали посмотреть на крутые берега полуострова, половить рыбу и прокатиться на надувной лодке мимо =птичьих базаров=, то это путешествие придётся вам по душе.",по душе,366,146,1,1,False,False
Российские авиашоу должны оставаться праздниками =с большой буквы=.,с большой буквы,369,369,2,1,True,False
"В результате при подаче углового на третьей добавленной минуте второго тайма в штрафной площадке «Спартака» собрались 22 человека, включая Чеха =с большой буквы= — вратаря гостей.",с большой буквы,369,369,1,2,True,False
"Вспоминал, как пароход то и дело =садился на мель=, как уже на Амуре его остановил красный военный катер и друзья предъявили подложные документы (настоящие были в обуви, под стельками), не имея возможности даже шепнуть о себе в окружении множества пассажиров.",садился на мель,373,373,1,2,True,False
"Когда плотник ушел опохмеленный, с меня стали =снимать стружку= сразу в двух направлениях.",снимать стружку,378,378,2,1,True,False
"На уроке анатомии учительница объясняет, что такое =спинной хребет=.",спинной хребет,379,379,1,2,True,False
"Повествуя о своей жизни, в которую, как =становая жила=, были вплетены всякие технические выдумки, всякие замыслы прирожденного конструктора-изобретателя, Бережков стремился изложить их так, чтобы они были совершенно понятными, кристаллически ясными, как он любил говорить.",становая жила,379,379,1,2,True,False
"Старая Аглая с трудом выпрямилась, какая-то главная, =становая жила= ее жизни оборвалась, и от тупой, охватившей всю ее боли она долго не могла осилить себя и встать на ноги и лишь поправляла и поправляла разметавшиеся полы халата на Анатолии Емельяновиче, а затем застыла.",встать на ноги,379,191,1,1,False,False
"Неизведанное чудилось в них Петру, будто под ногами прощупывалась =становая жила=…",под ногами,379,157,1,2,False,False
Многие =ставят знак равенства= между критическим мышлением и здравым смыслом.,ставят знак равенства,380,380,1,2,True,False
Фактически =ставится знак равенства= между доступностью темы и степенью её проработанности.,ставится знак равенства,380,380,1,2,True,False
"Некоторые некорректно =ставят знак равенства= между критическим мышлением и критиканством, осуждением.",ставят знак равенства,380,380,1,2,True,False
"Перед нею, — гость благоговейно посмотрел во тьму ночи, — легло бы письмо из =сумасшедшего дома=.",дома,382,82,1,2,False,False
"Тут, как я понял, начался настоящий =сумасшедший дом=.",сумасшедший дом,382,382,2,1,True,False
А я домой спешу.  В мой =сумасшедший дом= опаздываю. Вечером я дождался ее и сказал:,сумасшедший дом,382,382,2,1,True,False
"Заезжайте за мною, я сам с вами поеду… Говорит поэт Бездомный из =сумасшедшего дома=… Как ваш адрес? — шепотом спросил Бездомный у доктора, прикрывая трубку ладонью, — а потом опять закричал в трубку: — Вы слушаете?",дома,382,82,1,2,False,False
=Суши весла=! — сам себе скомандовал тепловик и протяжно зевнул.,суши весла,383,383,1,2,True,False
"Есть нефтедоллары — есть движение, обмелела река — приехали, =суши весла=.",суши весла,383,383,1,2,True,False
"А если =сошёл с круга=, его никто и не вспомнит.",сошёл с круга,384,384,2,1,True,False
"Тот, кто его учил, разбился, тот, кого учил он, не выдержал, =сошел с круга=.",сошел с круга,384,384,2,1,True,False
"Конечно, самолеты всегда падали и будут падать, как сходили и =сходят с рельсов= поезда, как тонут корабли и сталкиваются автомобили, как обваливаются шахты и горят дома, как, в конце концов, взрываются на старте космические ракеты.",в конце концов,385,21,1,1,False,False
"Однако двадцать километров после шахты мы промчались, будто на вороных: колея была нормальной, мужчины не филонили, и тележка шла очень ходко, только раза два колеса =сходили с рельсов=, но и тут за несколько минут мы ставили ее обратно и катили дальше.",сходили с рельсов,385,385,1,2,True,False
"Всему миру становится тут особенно ясно — так и так все будет в бездвижности, будет валом исправно валяться да еще и благодарить =тихой сапой= примется за предоставленную даром мировую мирную лежку; и зачем же тогда, само собой спрашивается, лишний раз дергаться, движеньем напрасно терзаться, бездумными поползновениями впустую трепаться, даже как бы кощунственно и не собственной тратою тратясь, будущее заедая впрок?",само собой,389,176,2,2,False,False
"Предыдущее письмо я, помните, закончил на том, что существуют две критические точки в природе: =точка замерзания=, когда вода превращается в лед, и точка кипения, когда вода превращается в пар.",точка замерзания,390,390,1,2,True,False
"Котелок щей был уже опустошен, когда подал голос Андрей Сургеев: =центр тяжести= КУК-2 смещен вперед, комбайн зарывается в землю, и устранить этот дефект уже невозможно.",центр тяжести,403,403,1,2,True,False
"То ли дело парк Дай-Нам в Хошимине, где среди прочего есть удивительная «Летающая тарелка»: сначала несколько часов (если не дней) скользишь вниз по мокрой трубе с мерцанием светодиодов и восточной музыкой, потом тебя выносит внутрь тарелки, там долго, очень долго вращаешься, как монетка в широком конусе, пока =центробежная сила= не ослабевает, и вот тут ты, совершенно офонаревший, выпадаешь в дырку — плюхаешься в бассейн; вот где космос: незабываемо.",центробежная сила,404,404,1,2,True,False
"Тогда уж я имею полное право… — изготовился к прыжку Федька. — Раз было, значит, все!  Тут уж =цепная реакция=… Я повернула к дому, поскольку свои намерения Федька осуществлял любой ценой и на долгий срок не откладывал.",любой ценой,405,104,2,2,False,False
"Поэтому, чтобы не впадать в зависимость от методики подсчета, нам приходится каждый раз разбираться — что происходит внутри =черного ящика= и какой на самом деле смысл несут в себе маркеры биологического возраста.",черного ящика,408,408,1,2,True,False
