row,example,true_index,pred_index,index_correct,true_sense,pred_sense,sense_correct,true_meaning,pred_meaning,meaning_correct,all_correct
14,"Вы сколь уже заседаете в Кирилловой избе — =без конца, без края=!",3,3.0,True,1,2.0,False,"долгий, бесконечный","огромный, беспредельный по протяженности, далеко простирающийся",False,False
31,"Во всяком случае, начальная его часть прошла =без сучка без задоринки=.",4,4.0,True,2,1.0,False,"соответственно нормам, порядку; правильно, четко, точно","такой, который соответствует нормам, порядку, безукоризненный, четкий",False,False
32,"И все это при том, что беременность отходила =без сучка и задоринки=…",4,4.0,True,1,2.0,False,"такой, который соответствует нормам, порядку, безукоризненный, четкий","соответственно нормам, порядку; правильно, четко, точно",False,False
38,"Он пал мне в ноги и слезно умолял, но вместо того, чтобы закричать, я побежал =благим матом=.",5,5.0,True,2,1.0,False,"очень быстро, стремительно","очень громко, неистово, исступленно",False,False
63,"Нет, Игнат Петрович, работы тебе еще сверх головы. =Бок о бок с хитрыми станками=, а то и впереди них.",7,7.0,True,3,2.0,False,рядом с кем / чем либо,"1 рядом, близко; 2 вместе",False,False
69,"Не один господин =большой руки= пожертвовал бы сию же минуту половину душ крестьян и половину имений, заложенных и незаложенных, со всеми улучшениями на иностранную и русскую ногу, с тем только, чтобы иметь такой желудок, какой имеет господин средней руки.",8,8.0,True,1,2.0,False,"1 «очень важный, влиятельный», 2 «богатый, знатный», 3 «известный»","закоренелый, отъявленный",False,False
79,Оно (воспоминание. — Авт.) еще более =набрасывает мрачную тень на все предметы=.,11,,False,1,,False,"печалить, омрачать, вызывать / вызвать тяжелое, мрачное настроение",none,False,False
80,"Ага! — по-русски пропел Гриша и приблизился ко мне вплотную. — Ты хочешь сказать, что я =на него бросил тень=? Оговорил? Налгал? Я его под монастырь подвел?",11,,False,2,,False,"позорить, чернить, порочить, компрометировать",none,False,False
81,"И в тот день так же было, — говорила баба, даже не пытаясь =бросить тень на человека=.",11,,False,2,,False,"позорить, чернить, порочить, компрометировать",none,False,False
91,"Просто не умею этого делать, да и заповедей Божиих стараюсь не нарушать. Уверена, что любая гадость, сказанная =в адрес обидчика=, обернется против меня.",13,,False,2,,False,относительно кого-либо,none,False,False
92,"Батышев, чтобы не ударить лицом в грязь, тоже отпускал колкие шутки =в адрес новоявленного комиссара=.",13,,False,2,,False,относительно кого-либо,none,False,False
94,Костюм =в готовом виде= уже висел на плечиках.,14,,False,1,,False,"такой, какой обозначен прилагательным или местоимением",none,False,False
96,"...не утерпит, чтобы не показать себя перед нашим братом =в лучшем виде=.",14,,False,2,,False,"так, как названо основой прилагательного, местоимения или соответственно значению прилагательного",none,False,False
126,"Мы содрали пурпурный, =видавший виды= занавес из велюра и, сложив вдвое, застелили им кусок сцены: получилось весьма жёсткое и не очень просторное лежбище для десятка человек, но другого выхода не было.",19,19.0,True,2,1.0,False,"изношенный, старый, долго используемый","опытный, бывалый",False,False
127,"Даже старики матросы, =видавшие всякие виды=, угрюмо молчали, пытливо посматривая на мостик, где словно приросла к поручням высокая, закутанная в дождевик фигура капитана, зорко взглядывавшего на беснующуюся бурю.",19,20.0,False,1,2.0,False,"опытный, бывалый","изнашиваться / износиться, истрепаться",False,False
140,"=В конце концов=, хотя жизнь в городе и не очень полезна для здоровья, но ведь и угнетенное состояние духа тоже полезным не назовешь",21,21.0,True,2,1.0,False,выражение рациональной оценки итога,"наконец, в итоге",False,False
146,"=В конце концов=, «чего женщина хочет, того хочет Бог». Н.",21,21.0,True,2,1.0,False,выражение рациональной оценки итога,"наконец, в итоге",False,False
167,"Слабость возмущала ее, глупость сердила, ложь она не прощала <=во веки веков=».",25,25.0,True,3,2.0,False,никогда,"всегда, навсегда, вечно, навечно",False,False
170,"Первому встречному такую встряску задам, что =во веки веков= не забудет.",25,25.0,True,3,2.0,False,никогда,"всегда, навсегда, вечно, навечно",False,False
177,Девка тут тоже сидит и храпит =во всю ивановскую=…,27,27.0,True,1,2.0,False,очень громко,"сильно, напропалую",False,False
178,"Иван Петрович, хохоча во все горло, рассказывал им (гостям. — Авт.) анекдот... рассказывал =во всю ивановскую=, так, что всем дачам слышно было.",27,27.0,True,1,2.0,False,очень громко,"сильно, напропалую",False,False
184,"Паша пел тоненьким голоском, зато =во всю мочь=.",28,28.0,True,2,1.0,False,очень громко,"предельно напряженно, интенсивно",False,False
186,"А когда вошла в свою комнату — упала, не раздеваясь, на кровать и зарыдала =во всю силу=, как тогда в подворотне.",28,28.0,True,2,1.0,False,очень громко,"предельно напряженно, интенсивно",False,False
191,"На генеральной репетиции, когда зазвучал =во всю силу= свод-ный духовой оркестр,  «полились потоки такой мощи, что некоторые наши цвета уже воспринимались слабее, чем без музыки.",28,28.0,True,2,1.0,False,очень громко,"предельно напряженно, интенсивно",False,False
195,И вот в пору насильственной немоты зазвучал =во всю свою мощь= — от громовых раскатов до свистящего шепота — мятежный человеческий голос.,28,28.0,True,2,1.0,False,очень громко,"предельно напряженно, интенсивно",False,False
196,"Сила Грязнов вообще развернулся =во всю мощь= и потребовал занавесить все черным, разжечь настоящий огонь, для себя велел принести маску Бэтмена и черный кожаный плащ.",28,28.0,True,1,2.0,False,"предельно напряженно, интенсивно",очень громко,False,False
198,"Этот факт плюс информация о том, что Бундесбанк не собирается спасать английскую валюту, позволили Соросу развернуться =во всю мощь=.",28,28.0,True,1,2.0,False,"предельно напряженно, интенсивно",очень громко,False,False
203,"Снизится потребность во вторичной занятости, неформальной занятости, а также, =во всяком случае= в той части самозанятости, которая не приобретает еще статуса официально учитываемого предпринимательства.",29,29.0,True,1,3.0,False,"непременно, обязательно, при любых обстоятельствах",выражение утверждения; пожалуй,False,False
217,Запрос от каждой рабочей станции поступает на сервер и обрабатывается =в порядке= общей очереди поступивших заявок от всех РС.,31,31.0,True,3,1.0,False,"1 указание на характер, порядок действия, 2 указание на формы совершения действия","1 хорош, благополучен, в идеальном состоянии, 2 здоров(-ая, -ый)",False,False
227,По дороге к розовой стене невозможно не обратить внимание еще на один элемент «жизни =в розовом свете=».,33,33.0,True,1,2.0,False,"идеализированный, приукрашенный","идеализированно, лучше, чем на самом деле",False,False
228,"Жизнь =в розовом цвете= и зеленая тоска — не секрет, что различные оттенки освещения и предметов интерьера создают определенное настроение.",33,33.0,True,1,2.0,False,"идеализированный, приукрашенный","идеализированно, лучше, чем на самом деле",False,False
237,"Но я думаю, и седые академики с волнением будут разглядывать этот подлинный «=во весь рост=» портрет планеты Земля.",34,34.0,True,1,2.0,False,"1 охватывающий всю фигуру, весь предмет; 2 полно отражающий характер, внутренний мир человека","выпрямившись, вытянувшись, не сгибаясь, очень прямо, полностью, целиком",False,False
247,"Император был изображен =в полный рост=, без фуражки, со свитком-манифестом в правой руке и державой — в левой.",34,34.0,True,1,2.0,False,"1 охватывающий всю фигуру, весь предмет; 2 полно отражающий характер, внутренний мир человека","выпрямившись, вытянувшись, не сгибаясь, очень прямо, полностью, целиком",False,False
250,"Ваня часто дышал и широко, =во весь рот= улыбался.",35,35.0,True,3,1.0,False,"приветливо, ‘радостно, широко, открыто","широкий, открытый",False,False
255,"Сколько лет, сколько зим! — патетически, едва ли не шепотом сказал он, улыбаясь =во весь рот=.",35,35.0,True,1,3.0,False,"широкий, открытый","приветливо, ‘радостно, широко, открыто",False,False
265,"Все придет =в свое время=, только не торопись.",37,37.0,True,3,2.0,False,обязательно вовремя в будущем,"раньше, некогда, прежде, когда-то в прошлом",False,False
284,"[Брусенков:] =Все и каждый= прислонилися к власти, схватились за нее!",40,40.0,True,2,1.0,False,все,"любой, всякий",False,False
289,"Как! но они =все едино= Евангельскаго закона обязательство на себя приняли; все веруют будущему суду; =все единыя= матери чада: так возможно ли, чтоб столь различными шествовали дорогами? разве не слышат они, что в самых сих храмах, храмах, для собрания их созданных, Бог вопиет: Ежели я Господь, то где раби мои? ежели я Отец, то где дети мои?",41,41.0,True,2,1.0,False,"обязательно, непременно","одинаково, безразлично",False,False
292,"Они не были изданы при жизни Лермонтова, но поэт =все равно= мог их знать — в рукописи фольклориста Петра Киреевского.",42,42.0,True,2,1.0,False,"тем не менее, все-таки","одинаков(-ый), безразличен(-ый), несуществен(-ый)",False,False
295,"Но сегодня можно валяться хоть до вечера, =все равно= спешить некуда, сегодня у Нины выходной день.",42,42.0,True,3,1.0,False,"потому что, так как","одинаков(-ый), безразличен(-ый), несуществен(-ый)",False,False
297,"Открытые же места обстреливались редким огнем, но каждую минуту, =в случае появления= противника, русская артиллерия готова была перейти на сильную беглую стрельбу.",43,43.0,True,1,2.0,False,"1 из-за, вследствие, по причине; 2 при","если, при условии",False,False
313,"Невеста часто-часто моргает черными накрашенными ресницами и хмурит лоб, пытаясь понять, к чему ведет этот странный человек, =выдавший себя= почему-то за ее родственника, и кажется ей, что от самозванца ничего хорошего ждать не приходится.",46,,False,1,,False,представить себя в качестве дру20го лица,none,False,False
317,"Я занимаюсь самообразованием и напрягаю свой мозг. =Вытянусь в ниточку=, а своего добьюсь.",47,47.0,True,3,2.0,False,"проявить усердие, старание","стать ровно прямо, навытяжку",False,False
323,"Он (Тоболяк. — Авт.) там, может быть, спит, прохлаждается, а Петровичу здесь =спину гнуть= да руки морозить.",49,49.0,True,1,2.0,False,трудиться до изнеможения,"унижаться, заискивать, раболепствовать",False,False
324,"Вот и коровки у меня нету. Чужое молочко-то кусается. За него, поди-кось, =горб гнуть= заставляют, — печально усмехнулась Марфушка.",49,,False,1,,False,трудиться до изнеможения,none,False,False
326,"=Волю рукам даю=, виноват, но тебе же это нравится!",50,,False,2,,False,"обнимать, хватать",none,False,False
330,"Какие-то там «рихтгофены», говорят прилетели. Вот бы встретиться. Эх, и =дали бы мы чесу= этим самым «рихтгофенам»! — ораторствовал Петров.",51,,False,2,,False,"1 «наказывать, жестоко обходиться с кем-либо; 2 в грубой форме, в резких выражениях отчитать, отругать кого-либо",none,False,False
331,"А тот, что в машине, услыхал — стреляют, такого =ходу дал=, в минуту не стало.",51,,False,1,,False,"поспешно убегать удирать, обычно спасаясь отопасности, преследования",none,False,False
332,"Кинулся я к окну — темно! Ничего не видать. А гул стоит, свист — вроде светопреставление началось. Сапогов своих я не нашел, вскочил в какие-то катанки — и =давай деру=!",51,,False,1,,False,"поспешно убегать удирать, обычно спасаясь отопасности, преследования",none,False,False
334,"На другой день мы злились один на другого, не разговаривая шли в концертный зал, каждый раз =давая себе слово= никогда больше не играть друг с другом, выходили на сцену...",52,52.0,True,2,4.0,False,клятвенно уверять кого-либо в чем-либо обещать,выражение уверения в истинности высказывания,False,False
339,"Потому мы, очевидно, =дали крюк=; но в общем часа за два с половиной мы прошли до своего Мангуша.",53,53.0,True,2,1.0,False,пройти или проехать лишнее расстояние,допустить ошибку,False,False
345,"Готов =пари держать=, что г. Потебня будет неприятно удивлен, узнавши, что его гипотеза, мельком проскользнувшая в его сочинение, подала повод к положительному, но столь превратному выводу.",54,54.0,True,1,2.0,False,спорить с обязательством оплатить проигрыш,"выражение модального значения уверения в чем-либо; ручаюсь, совершенно уверен",False,False
355,"Ясно.  Верен =до гроба=. Потом все стали вспоминать бой под Ржевом, последний перед выходом в резерв, когда семь истребителей столкнулись с большой группой «юнкерсов», шедших на бомбежку в сопровождении «мессеров».",55,55.0,True,2,1.0,False,"навсегда, навечно, обязательно, неизменно",вечный,False,False
357,"Желтый нарцисс — к измене, красная роза — к страстной любви, незабудка — верность =до гроба=…",55,55.0,True,1,2.0,False,вечный,"навсегда, навечно, обязательно, неизменно",False,False
372,"Что сказать о хозяине особняка? Это был один из самых богатых людей в России, предприниматель =до мозга костей=...",57,57.0,True,1,2.0,False,"природный, настоящий, истинный","1 совершенно, полностью, основательно; 2 очень сильно",False,False
373,* * * Либерал =до мозга костей=. На него нападали политические оппоненты из радикалов.,57,57.0,True,1,2.0,False,"природный, настоящий, истинный","1 совершенно, полностью, основательно; 2 очень сильно",False,False
374,"[Карпов:] Это такая фигура, брат... Он же прошел школу дипломата. Еще во Франции вступил в социалистическую партию. Коммунист =до мозга костей=.",57,57.0,True,1,2.0,False,"природный, настоящий, истинный","1 совершенно, полностью, основательно; 2 очень сильно",False,False
375,"С одной стороны, он — русский человек =до мозга костей= — не был способен к размеренному, распределенному на порции труду — по столько-то страниц в день, как это делал, например, Золя, а с другой стороны, когда внешние обстоятельства и личное настроение складывались гармонически, он был способен работать запоем.",57,57.0,True,1,2.0,False,"природный, настоящий, истинный","1 совершенно, полностью, основательно; 2 очень сильно",False,False
376,"Плотно прижавшись друг к другу сутулыми спинами, пленники, к ночи продрогнув =до мозга костей=, стали ждать с нетерпением раннего утра.",57,57.0,True,2,1.0,False,"1 совершенно, полностью, основательно; 2 очень сильно","природный, настоящий, истинный",False,False
419,=За кулисами событий= стояли серьезные люди.,63,63.0,True,3,1.0,False,"употребляется при указании на объект, прикрываясь которым совершаются какие-либо неблаговидные действия, поступки","1 тайно, скрытно, негласно, вне официальной обстановки; 2 незаметно, на заднем плане",False,False
425,"Уничтожили =за милую душу= всех, кто ждал решения своей судьбы в тюремных камерах на Соловках.",64,64.0,True,3,1.0,False,безжалостно,"с удовольствием, желанием, очень охотно",False,False
428,"Жмет! — возвестил Догайло торжествующим фальцетом. — «Агамали» идет. Обгонит он нас к вечеру, браты, =за милую душу=!",64,64.0,True,2,1.0,False,"обязательно, непременно, вне всякого сомнения","с удовольствием, желанием, очень охотно",False,False
432,"[Тайда:] Только другие =за спиной= говорят, а Надежда Викентьевна напрямик высказалась.",65,65.0,True,2,4.0,False,"скрытно, тайно, секретно","позади, рядом, в непосредственной близости от кого-либо",False,False
442,"Так же, =за спиной= и без ведома Людки, Ирина отнесла остальные деньги в банк «МММ».",65,65.0,True,2,4.0,False,"скрытно, тайно, секретно","позади, рядом, в непосредственной близости от кого-либо",False,False
448,"И если договоримся, то, конечно?.. =Зеленая улица=, — заверил Гуревич. И, боясь, что уверенность эта будет неправильно истолкована мнительным Второвым, поспешно открестился: — Сам понимаешь, это не мой уровень.",66,66.0,True,2,1.0,False,"благоприятные условия для осуществления развития когочего-либо, благоприятная обстановка",наказание солдат шпиирутенами,False,False
457,"Дедушка вдруг почему-то очень обрадовался и сказал: — Сестрица дорогая, =у вас золотые руки=.",67,67.0,True,2,1.0,False,"способен сделать, смастерить все, за что ни возьмется","мастер своего дела; человек, очень искусный в своем деле",False,False
471,"Я подготовила публикацию для «Литературки» и позвонила Иосифу Александровичу в Америку, чтобы получить его комментарий, что называется, =из первых рук=.",75,75.0,True,1,2.0,False,"достоверный, подлинный","непосредственно, прямо",False,False
491,"Дался вам этот совхоз, — задираясь, опять начала Клавка. Прямо =как бельмо на глазу=. А начни вас завтра сгонять с совхоза — опомнитесь, не то запоете.",77,77.0,True,1,2.0,False,"надоедливый, раздражающий","надоедливо, раздражающе",False,False
501,"Свобода, любовь, нежность вдруг будто уходят от нее, и даже не подкашиваются, а отбираются, а она =точно во сне=:  «Как же так?",78,78.0,True,2,1.0,False,"отрешенно, неясно, неотчетлив0","отрешенный, неясно мыслящий",False,False
507,=Как в раю= с нею жил!,79,79.0,True,2,1.0,False,"замечательно, счастливо","доволен, счастлив",False,False
509,"Нужды не чувствовалось; дрова и главные предметы продовольствия были некупленные, а на покупное почти совсем запроса не существовало. Домочадцы говорили:  «=Точно в раю= живем!»  Сама Марья Сергеевна тоже забыла, что существует на свете иная жизнь (она мельком видела ее из окон института, в котором воспитывалась).",79,79.0,True,1,2.0,False,"доволен, счастлив","замечательно, счастливо",False,False
516,"В кресле сидишь, =как в раю=.",79,79.0,True,2,1.0,False,"замечательно, счастливо","доволен, счастлив",False,False
519,"Я думал, что уже кожа слезает с лица, а тут еще от близкого огня глаза начали слезиться, я, =точно в тумане=, видел перед собой падающую вниз струю и едва удерживался на ногах.",80,80.0,True,1,2.0,False,"отрешенный(-о), неясный(-о)","отрешенно, неясно",False,False
521,"И еще помнила, =словно в тумане=, удивительную девочку Агнес, совершенно невероятной артистической выправки, изысканную — и вот ее мама ведет нас ранним утром шестьдесят пять лет назад в дорогой, невероятно изысканный универмаг на Ляйпцигштрассе, туда, где жены дипломатов покупают шелковое белье, швейцар открывает перед нами двери, и Таня, обыкновенная советская девочка, теряется, а Агнес (боже мой, так вы говорите, она была младше меня на четыре года?",80,80.0,True,1,2.0,False,"отрешенный(-о), неясный(-о)","отрешенно, неясно",False,False
522,"Всё сначала будет =словно в тумане=, потом туман рассеется, я стану видеть слушателей, потом начну различать их лица, потом следить за реакцией зрительного зала, регулируя свою интонацию, переставляя куски лекций, чередуя лирические и драматические эпизоды.",80,80.0,True,2,1.0,False,"отрешенно, неясно","отрешенный(-о), неясный(-о)",False,False
527,"Оказавшись на природе, в деревне, Антон несколько дней передвигался =словно в тумане=, привыкая.",80,80.0,True,2,1.0,False,"отрешенно, неясно","отрешенный(-о), неясный(-о)",False,False
528,"Голос Нины теперь был то справа, то слева, все было =как будто в тумане=, хотя и при хорошей видимости, единственно что ограниченной деревьями.",80,80.0,True,1,2.0,False,"отрешенный(-о), неясный(-о)","отрешенно, неясно",False,False
529,"Это было =как гром среди ясного неба= — человек только неделю назад сидел в тюрьме, прощался с жизнью, вдруг его вызывают, предлагают быть художественным руководителем у молодых режиссеров, чтобы получать какую-то зарплату…",81,81.0,True,1,2.0,False,"неожиданный, внезапный + неприятный, удивительный","неожиданно, внезапно + неприятно, удивительно",False,False
535,"Лихие гости, чувствующие себя на любом дворе =как у себя дома=; без спросу забирающие у хозяев последние съестные припасы и — самое ценное — тщательно отобранное и бережно хранимое посевное зерно для будущей весны; без секунды промедления готовые ударить, уколоть штыком, выстрелить в того, кто встанет на пути.",82,82.0,True,1,2.0,False,"свободен, непринужден","свободно, непринужденно",False,False
541,"Вчера к вам приехала, а веду себя =как дома=, ничего не боюсь, говорю, что хочу.",82,82.0,True,2,1.0,False,"свободно, непринужденно","свободен, непринужден",False,False
544,"Бойцы сделали ей (Оле. — Авт.) из соснового лапника шалаш, и девушка устроилась =как дома=. Смастерила из веток постель.",82,82.0,True,2,1.0,False,"свободно, непринужденно","свободен, непринужден",False,False
546,"«Она злая, злая! Я ее ненавижу», — подумала Дарьюшка, вспомнив, как Верочка Метелина, сестра Прасковьи, говорила про старшую сестру, что она всех =как есть= ненавидит.",83,83.0,True,2,1.0,False,"1 точно, бесспорно; 2 совсем, абсолютно","настоящий, подлинный",False,False
557,"— Алексей Сергеич! — сказала она (Маруся. — Авт.) своим совсем не изменившимся, звонким голосом. — =Какими судьбами=?",84,84.0,True,3,1.0,False,"выражение радости, удивления при встрече","каким образом, по какому случаю, зачем, почему",False,False
563,"Иона ерзает на козлах, =как на иголках=, тыкает в стороны локтями и водит глазами, как угорелый, словно не понимает, где он и зачем он здесь.",87,87.0,True,2,1.0,False,"беспокойно, взволнованно","беспокоен, взволнован",False,False
567,"[Гульков:] «Вовремя, вовремя я тут! Танки, вон они, а главное — автоматчики =как на ладони=! Давай, жми на спусковой крючок, секи их!.»",88,88.0,True,1,2.0,False,"отчетлив, виден, открыт","очень ясно, отчетливо, четко",False,False
569,Галиев отвернул влево. Михаил проводил его взглядом и поднял к глазам бинокль. Высота в квадрате «Ю» сразу стала видна =как на ладони=.,88,88.0,True,2,1.0,False,"очень ясно, отчетливо, четко","отчетлив, виден, открыт",False,False
574,"Вишь, она отсюда, =словно на ладошке=, вся видна!",88,88.0,True,1,2.0,False,"отчетлив, виден, открыт","очень ясно, отчетливо, четко",False,False
576,"Хысь, сам посуди, где мы сейчас этот магазинчик будем искать? Собак только разбудим, — сказал я. — Мы же =как пить дать= попадемся.",90,90.0,True,2,1.0,False,"непременно, точно, бесспорно","очевидный(-ен, -а, -о), не вызывающий сомнения",False,False
584,"А мышей он научился ловить еще в детстве, когда они забредали в нашу квартиру через вентиляцию (и это были вовсе не декоративные мыши, с которыми Том поступал, =как и положено= хищнику).",91,91.0,True,3,1.0,False,"выражение обычности, привычности поведения, поступков","1 «общепринятый, привычный, наиболее распространенный; 2 хороший, нормальный",False,False
594,"Наша квартира достаточно велика, чтобы при желании в ней не сталкиваться, ну и сортир, =как положено= — при каждой спальне.",91,91.0,True,1,2.0,False,"1 «общепринятый, привычный, наиболее распространенный; 2 хороший, нормальный","1 как принято, привычно; 2 хорошо, нормально",False,False
596,"Все у нас шло =как по маслу=: отцы нас сосватали, мы очень скоро полюбились друг другу и вступили в брак не мешкая.",92,92.0,True,2,1.0,False,"успешно, хорошо","без затруднений, успешный",False,False
597,"Она поначалу запнулась как будто о плотную пленку, а потом =как по маслу=…",92,92.0,True,1,2.0,False,"без затруднений, успешный","успешно, хорошо",False,False
600,"И порешили Котофей с Чучелом: опять идти Зайке к подземелью и проделать все, что в первый раз делала, и тогда все пойдет =как по маслу=, — будет и черная шкатулка, будут бисерные кошельки, будет и золото не простое, а серебряное.",92,92.0,True,2,1.0,False,"успешно, хорошо","без затруднений, успешный",False,False
628,"Лиза с первого же дня страстно влюбилась в князя, и князь ес полюбил — отчасти от нечего делать, отчасти от привычки =кружить женщинам голову=.",98,15.0,False,3,1.0,False,"увлекать / увлечь, влюблять / влюбить в себя",очень громко,False,False
630,"Военные успехи =вскружили Гитлеру голову=, он возомнил, что все может, что весь мир у него в кармане, и просчитался.",98,,False,2,,False,"лишать / лишить способности здраво рассуждать, трезво оценивать обстановку",none,False,False
631,"=К услугам приборостроителей= — диетическая столовая, различные медицинские кабинеты, целебные ванны.",101,,False,2,,False,"употребляется при указании на объект, для которого что-либо предназначается",none,False,False
642,Пусть лучше убираются =ко всем чертям= все эти либерально-пацифистские философы с их «сочувствием» к СССР.,102,102.0,True,3,1.0,False,"выражение гнева, досады, раздражения, несогласия","незачем, лишнее, долой",False,False
651,"Разумеется, и это играет свою роль (и к этому я вернусь), но самая сущность молитвы — это наша устремленность к Богу, устремленность к тому, чтобы встретить Его =лицом к лицу=.",103,103.0,True,3,1.0,False,"один против другого, открыто противостоя",близкий,False,False
664,"=Между прочим=, у многих народов Азии и особенно Африки циновка — это единственный предмет обстановки их традиционных хижин.",106,106.0,True,3,1.0,False,кстати,"попутный, неосновной, непреднамеренный",False,False
668,"=Между прочим=, верно говорят, нужно 2 курса продержаться «вначале ты работаешь на зачетку, а потом она на тебя».",106,106.0,True,3,2.0,False,кстати,"попутно, мимоходом, не уделяя особого внимания",False,False
673,"Потом самец выкидывает комочек спермы, самка подбирает его клоакой и оплодотворяется. Затем =мечет икру=. Ничего особенного, кроме того факта, что размножаются половозрелые дети.",107,107.0,True,1,3.0,False,рвать,"сердиться, браниться, шумно возмущаться",False,False
675,"Балансировать экономику =мыльного пузыря= — значит делать согражданам очень больно, куда там твои антинародные реформы Гайдара.",108,,False,2,,False,"1 реальное или мнимое отсутствие положительных предпосылок для возникновения, развития чего-либо, 2 отсутствие убедительных аргументов в мыслях, позициях кого-либо",none,False,False
677,"Я (Войницкий. — Авт.) гордился им и его наукой, я жил, я дышал им! И теперь виден весь итог его жизни: после него не останется ни одной страницы труда, он совершенно не известен, он ничто! =Мыльный пузырь=!",108,108.0,True,1,2.0,False,"человек, которого не принимают в расчет, ниитожный, ничего не значащий, ничего собой не представляющий","1 реальное или мнимое отсутствие положительных предпосылок для возникновения, развития чего-либо, 2 отсутствие убедительных аргументов в мыслях, позициях кого-либо",False,False
696,А потом я испугался: «А вдруг это (жажда вранья. — Авт.) у нее укоренится =на всю жизнь=?»,112,112.0,True,2,1.0,False,"навсегда, навечно",1 вечный; 2 постоянный,False,False
704,"Американская =на все 100%= журналистка Дороти Стивенс, не имея сил примириться с жестокой правдой, кончает жизнь самоубийством...",113,113.0,True,1,2.0,False,"1 «весь, полный», 2 «совершенный, идеальный»","1 «полностью, совершенно», 2 «обязательно, несомненно»",False,False
707,"Пока их у меня нет. Но =на всякий случай= сгодится. Уже в самолете, когда со мной рядом оказался французский кларнетист Мишель Летьек, артистический директор Фестиваля имени Пабло Казальса, я вспомнила слова Бориса Мездрича о Новосибирске как о музыкальном холдинге.",114,114.0,True,1,2.0,False,запасной,в предвидении необходимости,False,False
727,"| Глеб:] По чертежным стандартам все верно, все правила черчения соблюдены, все размеры =на месте=.",116,116.0,True,1,3.0,False,"соответственный по своим качествам, подходящий","за, в поддержку",False,False
729,"Водка-с! — ухмыляясь, спокойно говорил Порфирыч. — Водка, она ничуть ничего в этом деле... Она дана человеку =на пользу=... Потому она имеет в себе лекарственное...",116,116.0,True,2,3.0,False,"для положительного воздействия, для достижения хороших результатов, во благо","за, в поддержку",False,False
747,"Причем видно, что буржуазия ведет здесь войну =не на жизнь, а на смерть= с высококалорийным питанием — каждый свободный клочок травки оккупирован группой джентльменов, отжимающихся от земли с помощью фирменных стальных скобок; представить себе среди них спортивного Ленина не стоит ровным счетом ничего.",123,123.0,True,1,2.0,False,"решительный, самоотверженный; 2 ожесточенный, жестокий","1 решительно, самоотверженно, 2 ожесточенно, жестоко",False,False
748,"Молнии ослепительно сверкали, сопровождаемые громом, точно над городом в схватке =не на живот, а на смерть= сошлись две армии, открыв артиллерийскую перестрелку.",123,123.0,True,1,2.0,False,"решительный, самоотверженный; 2 ожесточенный, жестокий","1 решительно, самоотверженно, 2 ожесточенно, жестоко",False,False
753,Архаизм «коий» — =ни к селу ни к городу=.,126,126.0,True,1,2.0,False,"«неуместный(-ен, -а, -о, -ы)","некстати, неуместно, невпопад",False,False
754,"Так выглядит барельеф, украшающий часовую башню Молар, что торчит, =ни к селу ни к городу=, всего в паре сотен метров от места, где Рона вытекает из Женевского озера: средневекового вида, с аркой и черепичной крышей, украшенная гербами главных персонажей Реформации, она не столько украшает город, сколько удостоверяет его «старинный» статус.",126,126.0,True,2,1.0,False,"некстати, неуместно, невпопад","«неуместный(-ен, -а, -о, -ы)",False,False
760,"«=Ничего себе=, — осудила Колино легкомыслие хозяйственная супруга, — этак прошвыряеиться».",128,128.0,True,3,2.0,False,"выражение возмущения, негодования, несогласия, удивления","неплохо, сносно",False,False
761,"Если =ничего себе= парень, то Анечка не пропадет и своего не упустит.",128,128.0,True,1,3.0,False,"хороший, неплохой","выражение возмущения, негодования, несогласия, удивления",False,False
762,"Так что же, вся эта организация — шутка? — продолжал Мышкин. =Ничего себе= шуточки… — пробормотал я. Вот именно!",128,128.0,True,3,1.0,False,"выражение возмущения, негодования, несогласия, удивления","хороший, неплохой",False,False
776,"Как переменилась матушка после кончины батюшки, — говорила моя мать, — она даже ростом как будто стала меньше; ничем =от души= не занимается, все ей стало словно чужое...",133,133.0,True,2,1.0,False,"1 искренне, откровенно; 2 увлеченно; 3 абсолютно; 4 очень сильно","искренний, чистосердечный, откровенный",False,False
782,"Я не для того, чтобы что-нибудь, а =от всей души=.",133,133.0,True,1,2.0,False,"искренний, чистосердечный, откровенный","1 искренне, откровенно; 2 увлеченно; 3 абсолютно; 4 очень сильно",False,False
783,"Давайте ударим еще разок по фюзеляжу, — лихо предложил Теткин. — Я на этот раз наведу — =пальчики оближете=.",136,136.0,True,2,1.0,False,"очень красивый, привлекательный, интересный, приводящий в восторг","очень вкусный, аппетитный, доставляющий удовольствие",False,False
784,"Почему же есть хозяйки, которые готовят мамалыгу так, что =пальцы оближешь=, а другие неважно готовят? — спросил старик.",136,,False,1,,False,"очень вкусный, аппетитный, доставляющий удовольствие",none,False,False
785,"У «Филимоновой и Янкеля» очень вкусно, — сказала девушка в норковом полушубке, — каких-нибудь рабоче-крестьянских дорад или сибасов они приготовят на гриле так, что =пальчики оближешь=.",136,136.0,True,3,1.0,False,"вкусно, аппетитно","очень вкусный, аппетитный, доставляющий удовольствие",False,False
789,"Я уже поляну присмотрел, гектаров на десять. Землю копнул — черника, =пальцы оближешь=. В это время в землянку и скатился один из партизан, и уже по его белому, как мел, лицу все поняли, что случилось что-то страшное, и Трофимов рванул со стены автомат.",136,,False,1,,False,"очень вкусный, аппетитный, доставляющий удовольствие",none,False,False
792,"Как очень богатый человек он, кажется, всё оплачивает, ему так страстно хочется пробиться в эшелон писателей =первой руки=.",137,137.0,True,1,2.0,False,"известный, известен, знаменит","закоренелый, отъявленный",False,False
797,"Восстанавливая сейчас в памяти этот разговор, Слободкин подумал о Кузе. Где он теперь? Что с ним? Вернулся ли? Или попал в =первую встречную= маршевую роту?",138,,False,1,,False,"любой, случайный, оказавшийся ближайшим, безразлично какой",none,False,False
807,"30 % всей продукции фабрики составляют изделия =высших сортов= — “лобстер”,  “Петергоф”,  “радуга”,  “крем де-какао” и т.д. Ириса выпущено 50 тонн».",140,141.0,False,2,1.0,False,"очень хорошо, отлично","товар, обладающий высокими качественными признаками",False,False
819,"В день премьеры они =по всем статьям= (счет судейских голосов — 7: 0) проиграли канадцам гонку за первое место (после короткой программы лидировали канадцы, после первой произвольной — русские) в финале Гран-при.",142,142.0,True,1,2.0,False,"полный, абсолютный","полно, полностью, всеторонне",False,False
836,[Назар:] Ишь какая... Гордионка! Подожди... Я те =хвост прижму=!,144,,False,2,,False,"заставить кого-либо повиноваться, подчиниться",none,False,False
840,"Однажды отец позвал их к себе, но =по дороге= братьям встретилась водная преграда, которую можно было преодолеть на лодке.",145,145.0,True,2,1.0,False,"1 попутно, мимоходом; 2 кстати, одновременно","1 попутный; 2 заодно, вместе",False,False
882,"Можно привлечь будущего первоклашку к подготовке школьных праздников старших братьев или сестер, организовать семейное торжество =по случаю= успешного окончания им четверти, полугодия или года.",151,151.0,True,2,1.0,False,"случайно, в результате представившейся возможности","соответствен возможностям кого-чего-либо, доступен для выполнения",False,False
900,"Беспечный, бестолковый губернатор, вместо того чтоб это известие проверить, разослал по городу приглашения =по случаю= коронации императрицы.",151,151.0,True,3,2.0,False,"употребляется при указании на событие, действие, явление, явившееся причиной, поводом для другого события","случайно, в результате представившейся возможности",False,False
903,"Для установления баланса на рынке требовался равный =по силе= конкурент, обладавший достаточными технологическими и финансовыми ресурсами и готовый к тому, чтобы начать принципиально новый для себя бизнес.",151,151.0,True,1,3.0,False,"соответствен возможностям кого-чего-либо, доступен для выполнения","употребляется при указании на событие, действие, явление, явившееся причиной, поводом для другого события",False,False
967,"Эх, =поставить бы парней на ноги=, успеть бы до того, как придет беззубая... Чтобы путевыми стали. Учились бы...",158,,False,2,,False,"1 воспитать, 2 помочь стать самостоятельным",none,False,False
973,"Стыдно, стыдно, Дуня! =На Клавдеюшку руку поднимать= — рука отсохнет. Она — господня овечка.",159,,False,1,,False,"замахиваться, ударять, бить",none,False,False
989,"Эсеры строят крестьянский союз, =прибрали к своим рукам= сельских учителей, рабочее движение неудержимо растет, — выстукивал он.",164,,False,1,,False,"подчинять / подчинить, заставлять / заставить повиноваться",none,False,False
991,"Торговля была большая — и скобяная, и бакалея, три магазина держали. Компаньон все =к рукам прибрал=.",164,164.0,True,2,1.0,False,"присваивать / присвоить, захватывать / захватить завладевать / завладеть","подчинять / подчинить, заставлять / заставить повиноваться",False,False
994,"Но =приложил руку к= плите, чтобы передать родителям свое тепло, и отнял руку; камень, накаленный солнцем, стал переливать себя в более холодное тело, жар коснулся пальцев, сердце отозвалось толчком. «Спасибо», — неслышно сказал Андрей Николаевич, благодаря родителей за то, что они исказили его жизнь, родив его с вечным разладом души; сами этот разлад несли в себе, скрывая ото всех, от сына тоже, и только под конец жизни взбунтовалась в них совесть, и не бытовая, личная, а общая для всего рода человеческого.",165,165.0,True,1,2.0,False,"быть причастным к чему-либо плохому, предосудительному","основательно, серьезно заниматься / заняться чем-либо, кемлибо",False,False
1001,"Не хотелось бы, чтобы мысли =про себя= стали достоянием всех.",166,166.0,True,1,2.0,False,"мысленный, внешне не выраженный, внутренний","1 молча, не вслух; 2 не выражая внешним образом, в уме, в душе; 3 тихо, ни к кому не обращаясь, сам с собой",False,False
1008,"Михайло Платоныч очень даже умел себя показать: =протер глазки-то= своим миллионам, немного от них осталось наследникамто.",167,167.0,True,2,1.0,False,"промотать, прокутить","проснуться, очнуться, прийти в себя от какой-либо неожиданности",False,False
1009,"Хотел я туда сходить, =пустить петуха= еще раз, но пожалел его ребятишек.",168,168.0,True,1,2.0,False,"устроить пожар, поджечь","фальшивить, сорвавшись на высокой ноте, издавать пискливые звуки",False,False
1011,"Тенор =пустил петуха=, публика на минуту замерла, а затем произошел взрыв.",168,168.0,True,2,1.0,False,"фальшивить, сорвавшись на высокой ноте, издавать пискливые звуки","устроить пожар, поджечь",False,False
1014,"Недавно его =разделали под орех= в пяти (!) разоблачительных публикациях бумажного «Русского экспресса», а некая еврейская община обрушила на него Уголовный кодекс канадской Фемиды.",170,170.0,True,1,2.0,False,"сильно ругать, критиковать кого-либо","делать что-либо основательно, хорошо",False,False
1017,"Уже в ранней юности я попала в потрясающую компанию — Андрей Тарковский, Юлик Файт, Гена Шпаликов... Весь цвет тогдашней молодой интеллитенции. Я сидела и слушала их, буквально =разинув рот=.",172,,False,3,,False,"крайне изумляться, удивляться",none,False,False
1018,"Первый раз в жизни Димка видел живого поэта, да не поэта даже, а поэтессу. Он и =рот раскрыл=.",172,172.0,True,3,1.0,False,"крайне изумляться, удивляться","начинать / начать говорить что-либо, высказывать свое мнение",False,False
1024,"=Рука об руку= с этой централизацией или экспроприацией многих капиталистов немногими развивается кооперативная форма процесса труда во все более и более широких, крупных размерах, развивается сознательное техническое применение науки, планомерная эксплуатация земли, превращение средств труда в такие средства труда, которые допускают лишь коллективное употребление, экономизирование всех средств производства путем употребления их как средств производства комбинированного общественного труда, вплетение всех народов в сеть всемирного рынка, а вместе с тем интернациональный характер капиталистического режима.",174,174.0,True,2,1.0,False,"1 взявшись за руки, рядом; 2 вместе, в тесном единстве","близкий, тесный, совместный",False,False
1028,"Выход за пределы поля для празднования гола =сам по себе= разрешается, однако необходимо, чтобы игроки вернулись на площадку как можно скорее.",175,175.0,True,2,1.0,False,"самостоятельно, отдельно, независимо ни от чего","отдельно взятый, как таковой по своей сущности",False,False
1030,"Он не понимал, за что он должен его жалеть, это. чувство возникало =само по себе= где-то в глубинах души.",175,175.0,True,2,1.0,False,"самостоятельно, отдельно, независимо ни от чего","отдельно взятый, как таковой по своей сущности",False,False
1032,— А земля =сама по себе= какая? — Хорошая. Земля быть плохой не может.,175,175.0,True,1,2.0,False,"отдельно взятый, как таковой по своей сущности","самостоятельно, отдельно, независимо ни от чего",False,False
1039,Это явление =само по себе= долго удивляло биологов.,175,175.0,True,1,2.0,False,"отдельно взятый, как таковой по своей сущности","самостоятельно, отдельно, независимо ни от чего",False,False
1043,"И так как господин Прохарчин в свое последнее время, то есть с самых тех пор, как стал жить в компании, тоже чрезвычайно как полюбил обо всем узнавать, расспрашивать и любопытствовать, что, вероятно, делал для каких-то собственных тайных причин, то сношения обеих враждебных сторон начинались без всяких предварительных приготовлений и без тщетных усилий, но как будто случаем и =сами собою=.",176,176.0,True,2,1.0,False,"по сути, по своим внутренним качествам, свойствам","без усилий, без чьей-либо помощи, легко",False,False
1050,"И мне чаще всего совсем не хочется знать, как что-то устроено. Просто узнается об этом =само собой=. Или кто-нибудь крикнет: «Посмотри, посмотри…",176,176.0,True,1,3.0,False,"без усилий, без чьей-либо помощи, легко",выражение справедливости высказывания,False,False
1053,"=Само собой=, ни о каком образовании не могло быть речи.",176,176.0,True,3,2.0,False,выражение справедливости высказывания,"по сути, по своим внутренним качествам, свойствам",False,False
1060,"И она как-то написалась =сама собою=: уверяю, что я не думал о соответствии какой-то политической ситуации.",176,176.0,True,2,1.0,False,"по сути, по своим внутренним качествам, свойствам","без усилий, без чьей-либо помощи, легко",False,False
1063,"Степан не махал кулаками впустую. Бил прицельно. =Валил с ног= рассвирепевших, захмелевших мужиков.",177,,False,1,,False,"опрокинуть, повалить",none,False,False
1064,"Еще молодым парнем поспорил с дружками, что =сшибет кулаком жеребца с ног=.",177,,False,1,,False,"опрокинуть, повалить",none,False,False
1065,На их (ссыльных. — Авт.) долю выпали самые трудные испытания. Они ломали и без того измученных людей. Они =валили с ног= молодых.,177,,False,2,,False,"одолеть, лишить уверенности, душевного равновесия, здоровья",none,False,False
1080,"И я-то, дурак, подписал, мать твою… Он =с размаху= бросил трубку. Я постоял, посмотрел на секретаря-машинистку, почесал лоб — ничего не понял — и поплелся к себе домой.",185,185.0,True,2,1.0,False,"не обдумав, без подготовки, сразу, непроизвольно, мгновенно","1 размахнувшись, со всей силы, 2 сохраняя инерцию движения, скорость",False,False
1081,"С пригорка видно: берегом двое летят на лыжах — и прямо вниз, в море, по голубому теплому льду, через лывы и трещины, без разбору, =с маху=.",185,185.0,True,2,1.0,False,"не обдумав, без подготовки, сразу, непроизвольно, мгновенно","1 размахнувшись, со всей силы, 2 сохраняя инерцию движения, скорость",False,False
1087,"Потом он вдруг, шлепнувшись о Ведерникова =с маху=, троекратно его обнял, так что Ведерников почувствовал его упругие карманы и горелый, кислый дух его колючей бороды.",185,185.0,True,2,1.0,False,"не обдумав, без подготовки, сразу, непроизвольно, мгновенно","1 размахнувшись, со всей силы, 2 сохраняя инерцию движения, скорость",False,False
1093,"Смотри, борода, денег не возьму!» — =с размаху= всаживают нож в черно-зеленый полосатый бок, раздается хруст, и вот над толпой на конце длинного ножа трепещет красный треугольник — алая, истекающая соком живая ткань вся в розовых жилках, клетках, крупинках и кристаллах.",185,185.0,True,2,1.0,False,"не обдумав, без подготовки, сразу, непроизвольно, мгновенно","1 размахнувшись, со всей силы, 2 сохраняя инерцию движения, скорость",False,False
1118,"Как-то раз я имел дело с одним простым и милым человеком из деревни под Кимрами; он и попросил: мол, как еще приедешь, привези бутылку водки, которой в ту пору в Кимрах было днем =с огнем= не найти; я привез, отдал и не хотел брать денег, но потом понял, что, если не возьму, мне придется с ним спорить об этих деньгах до скончания века, — и тогда взял, чтобы он только отвязался; а через неделю знакомые, жившие неподалеку, сказали, что Федор, обычно не баловавший их вниманием, на этой неделе заходил четырежды и всякий раз подолгу, с витиеватыми подробностями рассказывал, какой я жадный: привез бутылку водки и взял с него за это деньги; и, по их словам, в его устах этот поступок выглядел очень некрасиво…",187,187.0,True,1,2.0,False,"увлеченный, страстный","увлеченно, страстно",False,False
1121,"Голова кругом идет!  А любовь =с первого взгляда=?  Может, она лишь воспоминание о страстях, разыгравшихся в параллельном мире?",188,188.0,True,2,1.0,False,"мгновенно, моментально",мгновенный,False,False
1122,"Впрочем, =с первого взгляда= легко ошибиться, — посетовал Будяев.",188,188.0,True,1,2.0,False,мгновенный,"мгновенно, моментально",False,False
1124,"Влюбилась я в ПА даже не =с первого взгляда=, а так, как будто я его любила еще до своего рождения и только вспомнила заново старую любовь.",188,188.0,True,2,1.0,False,"мгновенно, моментально",мгновенный,False,False
1125,"Они посмотрели друг другу в глаза и… да, это была любовь =с первого взгляда=!",188,188.0,True,2,1.0,False,"мгновенно, моментально",мгновенный,False,False
1148,"Не зря говорят в народе «ложиться на голодный желудок», а не «на голодное брюхо дневать» или «с утра =сосать лапу=», хотя голодуют люди и на заре, и в полдень, и на розовом закате.",190,190.0,True,1,2.0,False,"голодать, скудно питаться","бездействовать, жить без запросов и высоких стремлений",False,False
1152,"Много разъезжая с гастролями по России и по другим странам, я стараюсь в последние годы (очень непростые для становления творческой молодежи) всячески помогать молодым певцам «=встать на ноги=».",191,191.0,True,2,1.0,False,"делаться самостоятельным, приобретать независимое положение, окрепнуть","выздороветь, поправиться от болезни",False,False
1176,"Как бы слабо она в нем ни теплилась, она не успела =сойти на нет=, не гасла последней точкой, а оборвалась, вся, какая в нем была, — фронтом, водопадом.",194,,False,2,,False,"исчезнуть, сгладиться",none,False,False
1178,Тем не менее вера в предсказательную силу теломер постепенно =сходит на нет=.,194,194.0,True,1,2.0,False,"терять значимость, смысл, становиться бессмысленным","исчезнуть, сгладиться",False,False
1197,"Часа четыре ломали =и так и сяк=, — ответил седой, — и фельдшер был и доктор — всех частей сбор.",196,196.0,True,2,1.0,False,"по-разному, по-всякому","1 сносный; 2 заурядный, ничего особенного собой не представляющий",False,False
1202,"Не говоря уже об обгоревшем фельдшере, который =так себе= — сбоку припека.",197,197.0,True,1,2.0,False,"ничего собой не представляющий, обычный","1 ни плохо, ни хорошо, посредственно, 2 <без особых намерений, цели, повода, причины",False,False
1208,"Такие гуси, как Козырев... храбрятся только в отсутствие законных супруг. В мирное время они =тише воды, ниже травы=.",199,199.0,True,1,2.0,False,"робкий, скромный, незаметный","робко, скромно, незаметно",False,False
1221,"Знаете что, приходите ко мне через часок. Посидим, поболтаем, =поточим зубы=.",202,202.0,True,3,1.0,False,пустословить,"злиться, стремиться навредить",False,False
1222,"Надо учитывать, что сейчас подобные тенденции могут использовать соседние страны, давно =точащие зуб на= нашу Сибирь и Дальний Восток, якобы захваченного Россией путем подавления местного населения.",202,,False,1,,False,"злиться, стремиться навредить",none,False,False
1233,"Марья... поклонилась в пояс. — Ты мне, говорит, в тюрьме за мужа был... Ну а теперь, говорит, послушай, что я тебе скажу: когда я уже из тюрьмы вышла, то больше =по рукам ходить= не стану.",206,161.0,False,2,1.0,False,"вступать в половые сношения, иметь связи со многими мужчинами","1 в непосредственной близости, рядом; 2 имеется в наличии",False,False
1239,"Если бы Рябовский не дал =честного слова= художникам, что он проживет с ними здесь до 20 сентября, то можно было бы уехать сегодня же.",208,,False,1,,False,обещание,none,False,False
1247,"Практика, она помогает чувствовать мотор! — многозначительно добавляет Мизеев. — Без опыта, без практики человек нажал бы сейчас на газок, ну, помчался бы =что есть духу=.",209,209.0,True,2,1.0,False,"очень быстро, стремительно",очень громко,False,False
1250,"Все ж бегу =что есть мочи= на сцену. Глядь, русалка! В глазищах испу!! — Забирай-ка ты эту сирену, — Говорит оскандаленный друг.",210,210.0,True,2,1.0,False,"быстро, стремительно, стремглав","очень громко, неистово, исступленно",False,False
1251,"Мать ее (Анисьи Головни. — Авт.), Авдотья Головешиха, стоя на санях-розвальнях, кричала дочери =что есть мочи=, чтоб та вернулась.",210,210.0,True,1,2.0,False,"очень громко, неистово, исступленно","быстро, стремительно, стремглав",False,False
1257,"Медведь ухал, шпарил =что есть силы=.",211,211.0,True,3,1.0,False,"очень быстро, стремительно",очень громко,False,False
1279,"Нынче взяток не берут. Это бывало раньше, =шагу нельзя шагнуть= без того, чтобы не дать или не взять.",213,,False,2,,False,невозможно обойтись без чего-либо,none,False,False
1280,"Но я именно так к верующим и отношусь — как к инвалидам, которые без своих костылей =шагу сделать= не могут.",213,213.0,True,2,1.0,False,невозможно обойтись без чего-либо,"не давать свободно действовать, поступать",False,False
1284,У них знатные щи варят — =язык проглотить= — продолжал дядя Елистрат.,214,214.0,True,2,1.0,False,очень вкусный,"замолчать, перестать говорить",False,False
1289,"Наоборот, Гегель вслед за Кантом и другими немецкими философами придает личности =абсолютное значение= именно за счет того, что признает ее «укорененной» в Абсолюте.",216,216.0,True,2,1.0,False,"особая важность, значительность предмета, явления, действия в жизни","количество, рассматриваемое безотносительно к знакам (+) или (-)",False,False
1291,"Что жизнь постоянно вырывается из её «доверительного управления», =акции падают=, обязательства растут.",218,218.0,True,2,1.0,False,шансы на успех снижаются,понижается стоимость ценных бумаг,False,False
1295,Я еще раз прочитал все отклики в хронологической последовательности от Всеволжска до Миннесоты — и убедился: мои =акции падают=.,218,218.0,True,2,1.0,False,шансы на успех снижаются,понижается стоимость ценных бумаг,False,False
1297,"Как вы думаете, насколько =упадут акции= компаний по недвижимости во Флориде?",218,,False,1,,False,понижается стоимость ценных бумаг,none,False,False
1304,Москва в очередной раз предлагает Грузии совместно бороться с терроризмом. Вновь =бить карту= визового режима.,223,223.0,True,2,1.0,False,"обнаруживать чьи-либо тайные замыслы, намерения",покрывать карту партнера старшей картой в карточной игре,False,False
1306,Восстание полка в общей обстановке последних дней означало почти наверняка =битую карту= царизма.,223,223.0,True,2,1.0,False,"обнаруживать чьи-либо тайные замыслы, намерения",покрывать карту партнера старшей картой в карточной игре,False,False
1310,"Он [генерал] только егозит и петушится, а на деле он =божья коровка= и к этой службе совершенно неспособен.",227,227.0,True,2,1.0,False,"тихий, кроткий, безобидный, не умеющий постоять за себя человек","семейство жуков длиной 4—7 мм красной, желтой или белой окраски с черными пятнами, истребляющее тлю и других вредных насекомых",False,False
1312,"Ничего нет утомительнее, как видеть эту криспацию руки во всех ролях, без различия настроений, и вызванную только тем, что сжатый кулак ему помогает «=взять барьер=».",229,229.0,True,2,1.0,False,преодолевать трудности,совершать прыжок через искусственное препятствие,False,False
1316,"Мама, можно сказать, сражалась одна, и тем дороже для нее было даже мало-мальское поощрение и каждый сдвиг, каждый =взятый барьер=.",229,,False,2,,False,преодолевать трудности,none,False,False
1318,"Они визжали, =брали барьеры=, устраивали шалаш под столом, а взрослые пировали — когда вместе с ними, когда отдельно.",229,,False,1,,False,совершать прыжок через искусственное препятствие,none,False,False
1327,=Брать на абордаж»= — это значит атаковать какой-нибудь корабль с воды.,231,231.0,True,1,2.0,False,"(морск.) атаковать корабль противника своим кораблем, подойдя к нему вплотную для сцепления с ним","1 «захватывать всем вместе, толпой (автобус, трамвай и т.п.)», 2 «действовать решительно по отношению к кому-либо»",False,False
1329,"Хорошо бы и христианам «=брать на буксир»= отстающих, взаимно назидать друг на друга, по заповеди апостола.",232,232.0,True,2,1.0,False,"передавая свой опыт, уменье, знания и т. п., помогать подтянуться кому-либо в работе, учебе",тянуть за собой на канате поврежденное судно,False,False
1330,"Или с бакштова отрывается шлюпка и ее несет в море, — он нагоняет ее, =берет на буксир= и доставляет командиру.",232,232.0,True,1,2.0,False,тянуть за собой на канате поврежденное судно,"передавая свой опыт, уменье, знания и т. п., помогать подтянуться кому-либо в работе, учебе",False,False
1336,"Школы, в которых вольготнее себя чувствует улица, чем педагогика. Наркомания, которая =берет на прицел= учебные классы...",236,236.0,True,2,1.0,False,"сосредоточивать внимание на ком-либо или на чем-либо, наблюдать, следить за кем-либо или за чем-либо",прицеливаться в кого-либо или что-либо,False,False
1342,"Наше продвижение по Кубани трудно, почти каждую станицу =берем с бою=.",238,,False,1,,False,занимать территорию в результате победы в бою,none,False,False
1345,Не =бросила якорь= на полпути к заветному берегу.,239,239.0,True,1,2.0,False,"команда опустить на дно металлический стержень с лапами для удержания на месте судна, бакена, плавучего маяка и т.п.",останавливаться где-либо устраиваться на постоянное жительство,False,False
1355,Сотни советских тяжелых орудий =вели огонь= из Заволжья.,243,243.0,True,1,2.0,False,вести стрельбу из различных видов оружия на поражение целей,"выявлять недостатки, критиковать",False,False
1360,"Недавно газеты сообщили о том, что некий лесник под Костромой =вел огонь= из берданки по окружавшим его заимку «чеченским террористам».",243,243.0,True,1,2.0,False,вести стрельбу из различных видов оружия на поражение целей,"выявлять недостатки, критиковать",False,False
1367,"Площадь круга египтяне вычисляли, =возводя в квадрат= 8/9 его диаметра.",245,245.0,True,1,2.0,False,"(мат.) ‹алгебраическое действие, заключающееся в умножении числа самого на себя",сильно преувеличивать,False,False
1368,"Левая сторона уравнения показывает, что при возведении длины в третью степень, на правой стороне толщина =возводится в квадрат=.",245,245.0,True,1,2.0,False,"(мат.) ‹алгебраическое действие, заключающееся в умножении числа самого на себя",сильно преувеличивать,False,False
1372,"Национальность богини юности не указана, вместо нее в словаре помещен =вопросительный знак=.",248,248.0,True,1,2.0,False,"(лингв.) «знак препинания, ставящийся в конце вопросительного предложения","загадка, сомнение, неизвестность",False,False
1376,"По русской географии экзаменовал заслуженный профессор статистики и автор трудов по военной географии генерал Золотарев, а по иностранной — молодой полковник Христиани, =восходящее светило= академии.",250,250.0,True,1,2.0,False,"(астр.) светило, появляющееся из-под горизонта; в этот момент его высота равна 0","человек, люди, начинающий(-ие) приобретать славу, получать известность в какой-либо области знания или деятельности",False,False
1378,"=Восходящая звезда= российской легкой атлетики, как часто называют Наталью, так же как и на сиднейской олимпиаде «прокололась» на прыжках в длину.",250,250.0,True,2,1.0,False,"человек, люди, начинающий(-ие) приобретать славу, получать известность в какой-либо области знания или деятельности","(астр.) светило, появляющееся из-под горизонта; в этот момент его высота равна 0",False,False
1387,"Кроме первого и =второго сорта= существовало и так называемое «кошачье мясо» — то есть низкосортное, годящееся лишь для животных.",254,254.0,True,1,2.0,False,"товар, обладающий невысокими качественными признаками",в,False,False
1388,"Правда, славы =высшей пробы= — славы, как и предсказывал когда-то Городецкий, народного поэта!",258,258.0,True,2,1.0,False,"настоящий, подлинный","высокое количественное содержание золота, серебра и платины в лигатурном сплаве, из которого изготовляются ювелирные изделия",False,False
1389,"Слушай, да ты просто ни дать ни взять доктор Швейцер. Гуманист =высшей пробы=. Тебе нужно не в больнице работать, а в какую-нибудь миссию завербоваться, в Африку, на эпидемию очередной смертельной заразы.",258,258.0,True,2,1.0,False,"настоящий, подлинный","высокое количественное содержание золота, серебра и платины в лигатурном сплаве, из которого изготовляются ювелирные изделия",False,False
1395,"Затем — сбор компрометирующих данных на тех политиков, которые тайно поддерживали Гитлера в его борьбе против Веймарской республики, а сейчас — по еле заметным признакам, но, однако, вполне симптоматичным — =выходят на орбиту=, путь из которой один — к руководству в государственном аппарате Германии.",259,259.0,True,2,1.0,False,стать популярным,"— (астр.) «выйти на путь движения небесного тела представляющий собой окружность, параболу или гиперболу",False,False
1400,"Багровый остров или =генеральная репетиция= в театре пьесы Жюля Верна с музыкой», поставленный в 1928 году, блистательно показывал «идейную стражу» коммунистической власти.",262,262.0,True,1,2.0,False,"последняя репетиция перед спектаклем, концертом",подготовка к чему-либо,False,False
1406,"У нее была четкая уверенность. Ничего не изменится, она может делать все, что угодно. Тут стоит =глухая стена=, ничего, кроме глупости и неловкости, из ее поступков не выйдет.",263,,False,2,,False,безразличное отношение к чему-либо,none,False,False
1407,"Им дали это имя потому, что они, подобно крабам, могут бегать боком и даже =давать задний ход=.",264,264.0,True,1,2.0,False,(трансп.) начать движение в обратном направлении,"отказаться от прежде сказанного, сделанного",False,False
1420,"Задача: превратить страну, в которой сегодня главное =действующее лицо= – контролер, в страну, где главным лицом станет творец, строитель, созидатель.",267,267.0,True,2,1.0,False,"участник какого-либо дела, события и т.п.",герой литературного произведения,False,False
1427,На холмистом восточном берегу Сожа =держат оборону= наши войска.,272,272.0,True,2,1.0,False,защищаться от чьих-либо нападок,"линия обороны, образующая замкнутую цепь вокруг охраняемого пункта",False,False
1428,"Флотские =держали оборону= долго, но 6 мая 2012 года главком флота адмирал Владимир Высоцкий, сопротивлявшийся переезду, был отправлен в отставку.",272,272.0,True,2,1.0,False,защищаться от чьих-либо нападок,"линия обороны, образующая замкнутую цепь вокруг охраняемого пункта",False,False
1437,"Христианство, являясь религией, весь пафос которой направлен на то, что будет после смерти, придает первостепенное значение Страшному суду, и потому этот сюжет занимает =доминирующее положение= в христианском искусстве.",276,276.0,True,2,1.0,False,"господствующее, основное, преобладающее место",исключительное положение хозяйствующего субъекта или нескольких субъектов на рынке товара,False,False
1439,На первом плане =доминирующее положение= занимает массивный свод с циркульной аркой в центре.,276,276.0,True,2,1.0,False,"господствующее, основное, преобладающее место",исключительное положение хозяйствующего субъекта или нескольких субъектов на рынке товара,False,False
1440,"Имела место как бы =дымовая завеса=, прикрывающая ущемление деревни в части энергетики со стороны правительства.",278,278.0,True,2,1.0,False,мероприятие для сокрытия тайных замыслов,"искусственно создаваемая полоса дыма, скрывающая от противника боевой участок",False,False
1444,"Получается, что =естественный отбор= по каким-то причинам способствовал рассогласованию процессов старения женского организма.",279,279.0,True,1,2.0,False,(биол.) «процесс дифференцированного выживания и воспроизведения в ходе эволюции,"выделение кого, чего-либо из какой-либо среды, основанное на наличии лучших качеств, достоинств",False,False
1457,"Улучшает контраст и глубину изображения посредством цифрового понижения уровня =заднего плана=, оставляя яркие области без изменений.",284,,False,1,,False,"то, что не составляет главного содержания картины, является менее важным, не изображается впереди",none,False,False
1462,"Одностороннее расторжение договора, как правило, не допускается, и =заинтересованная сторона= вправе обжаловать подобные действия в суде.",285,285.0,True,1,2.0,False,одна из двух участвующих в судебном заседании сторон: ответчик или истец,"человек, преследующий выгоду в какомлибо деле",False,False
1464,"Дождь начинался внезапно, как и внезапно обрывался, словно кто в небе =закрывал клапан=, а потом, пронизанный лучами, уходил от нас, падая в море и на острова золотой пряжей.",287,287.0,True,2,1.0,False,"остановить, заставить замолчать, не давать говорить","затворить крышкой проход пару, газу или жидкости в механизм",False,False
1467,"Онъ подумалъ и велѣлъ послать сказать музыкантамъ, что вечеромъ онъ самъ сядетъ съ ними въ оркестръ и будетъ =играть вторую скрипку=.",293,293.0,True,1,2.0,False,"(муз.) исполнять на скрипке в струнном или симфоническом оркестре вторую, сопровождающую партию","быть в тени, выполнять неглавную роль в каком-либо деле",False,False
1471,Человек редко =играет главную роль= в собственной жизни.,294,294.0,True,2,1.0,False,главенствовать в чем-либо,(театр.) играть на сцене главное действующее лицо пьесы,False,False
1477,Моему 1-му полку приказано было =идти в арьергарде=.,298,298.0,True,1,2.0,False,"(воен.) находиться в замыкающей часта сил боевого подразделения, выделяемой для прикрытия с тыла отхода главных сил, обеспечение их отрыва от наступающего противника","отставать от каких-либо процессов, происходящих в общественной или частной жизни",False,False
1480,"А ведь это их =категорический императив=, их ultimo ratio, они должны, они иначе не могут.",301,301.0,True,2,1.0,False,"настоятельная необходимость совершения чего-либо, требования времени, эпохи","абсолютное и безусловное требование морального закона, не принимающее более высоких установок и целей, этический закон, действующий с неуклонностью законов природы",False,False
1481,Причем циничный служебный императив поведения выдавался за моральный =категорический императив=.,301,301.0,True,2,1.0,False,"настоятельная необходимость совершения чего-либо, требования времени, эпохи","абсолютное и безусловное требование морального закона, не принимающее более высоких установок и целей, этический закон, действующий с неуклонностью законов природы",False,False
1484,"Еще одна =квадратура круга=: это предложение нельзя принять (в бюджете нет денег), но нельзя и отклонить: ясно, что в нынешнем виде система здравоохранения, особенно в бедных регионах, уже не имеет морального права называться таковой — здоровья с ней не сохранишь.",302,302.0,True,2,1.0,False,"неразрешимая загадка, задача","(мат.) название древней математической задачи — построения при помощи линейки, циркуля квадрата, равного по площади заданному кругу. решить эту задачу не удавалось многим поколениям математиков. в 1882 г. было доказано, что это в принципе невозможно",False,False
1493,"Что это у вас за местечковый =комплекс неполноценности=, выкиньте вы эту чушь из головы!",306,306.0,True,2,1.0,False,"робость, неуверенность в себе, ущербность",(псих.) аффективная реакция индивида на действительные или воображаемые психические или физические недостатки,False,False
1500,"12. 27. Чему равен =КПД= гидростанции, если подача воды равна 6 м 3/ с, высота плотины 20 м, а мощность станции 880 кВт?",308,308.0,True,2,1.0,False,"доля положительного влияния чего-либо на какой-то процесс, событие","величина, показывающая, какая часть затрачиваемой энергии превращается в полезную работу",False,False
1501,"=КПД= самый высокий, поэтому и хороша эта машина в эксплуатации, — первый опять подмигнул Димке.",308,308.0,True,1,2.0,False,"величина, показывающая, какая часть затрачиваемой энергии превращается в полезную работу","доля положительного влияния чего-либо на какой-то процесс, событие",False,False
1505,"Как было показано, мир находится в стадии медленного роста эффективности альтернативной энергетики, =КПД= ее источников электричества увеличивается недостаточно быстро.",308,308.0,True,1,2.0,False,"величина, показывающая, какая часть затрачиваемой энергии превращается в полезную работу","доля положительного влияния чего-либо на какой-то процесс, событие",False,False
1506,"Мозаика:  
  =Крапленые карты= географии   На протяжении веков фабриковали и подделывали не только исторические документы, но и географические карты.",310,310.0,True,2,1.0,False,"обман, фальсификация","карты, отмеченные шулерским крапом (условной пометкой)",False,False
1510,"Это позволяет писателю =крупным планом=, обобщенно, в широкой исторической перспективе показать человеку и войну, показать несовместимость мира социализма и фашизма.",313,313.0,True,2,1.0,False,"проблема, стоящая в центре внимания",увеличенное изображение на экране,False,False
1513,"Увидев его лицо =крупным планом=, я воскликнула:",313,313.0,True,1,2.0,False,увеличенное изображение на экране,"проблема, стоящая в центре внимания",False,False
1517,"Сегодня день субботний, и в учреждениях царит некоторый =лирический беспорядок=.",317,317.0,True,2,1.0,False,"отсутствие порядка, хаос",нарушение литературных канонов в построении художественного произведения,False,False
1532,"А может, за всем этим кроется смятение первой влюбленности? Несомненно. Ну, конечно же, между Аней и Петей существует это мощное =магнитное поле=, хоть и не сказано слово «любовь».",321,321.0,True,2,1.0,False,"окружающая обстановка, привлекающая к себе, возбуждающая интерес, притяжение",(физ.) пространство вокруг магнита или электрического тока,False,False
1539,"Ошибется, кто подумает, что это «=капитал мертвый=».",323,,False,2,,False,"знания, природные дарования, не находящие себе применения, пропадающие втуне",none,False,False
1543,"Наш фильм понравился публике, но особого успеха потом не имел, хотя для российского кино это было началом возрождения кинематографии после =мертвого сезона= конца восьмидесятых.",325,,False,2,,False,"время затишья в какой-либо деятельности, сфере",none,False,False
1547,"Поэтому «он» нужно заменить на «она», а прилагательные =мужского рода= на прилагательные женского.",327,327.0,True,1,2.0,False,"(лингв.) разновидность грамматического рода имени существительного, характеризующаяся особой парадигмой склонения, а у одушевленных существительных — принадлежностью к ней существительных мужского пола",мужчины,False,False
1548,"Метро»,  «авто»,  «кино»,  «такси» раньше были =мужского рода=, а стали среднего.",327,327.0,True,1,2.0,False,"(лингв.) разновидность грамматического рода имени существительного, характеризующаяся особой парадигмой склонения, а у одушевленных существительных — принадлежностью к ней существительных мужского пола",мужчины,False,False
1568,"Какие глагольные признаки есть у причастия?  (вид и =время настоящее= и прошедшее, возвратность, переходность)",334,,False,1,,False,категория времени,none,False,False
1585,"Устойчивая, стабильная работа зависит не только от тех, кто стоит на =переднем крае=, но и тех, кто жизненно важные продукты доводит до потребителей.",346,346.0,True,2,1.0,False,авангард,"условная линия, соединяющая ближайшие к противнику средства обороняющихся подразделений",False,False
1594,"Пока побеги молоды — мягкая, нежная да сладкая, а созрела — колючая и =перекати-поле=.",348,348.0,True,1,2.0,False,"(биол.) «степное или пустынное растение, при созревании отрывающееся от корня и перекатываемое ветром","человек, постоянно переходящий, переезжающий с места на место",False,False
1599,Пушки Цитадели и крепости Монжуик держат город под =перекрестным огнем=.,349,349.0,True,1,2.0,False,(воен.) «одновременная артиллерийская стрельба с двух или более направлений по одной цели,"обсуждение какой-либо проблемы, при котором высказываются разные мнения в острой форме",False,False
1602,"Останавливаясь в прудах со стоячей водой, =перелетная птица= привносит туда с фекалиями вирус, способный жить до 400 суток — естественно, при оптимальных температурах — от 10-12 до 30 ° C.",350,350.0,True,1,2.0,False,"(биол.) птицы, перелетающие на зиму в теплые страны","1 человек, постоянно меняющий место жительства, профессию и т.п.; 2 человек, не имеющий семьи",False,False
1604,Как больно кричит во мне =перелетная птица=!,350,350.0,True,2,1.0,False,"1 человек, постоянно меняющий место жительства, профессию и т.п.; 2 человек, не имеющий семьи","(биол.) птицы, перелетающие на зиму в теплые страны",False,False
1605,"Несколько раз предупреждал, что ее окружение портит нашу жизнь, что эта среда, как =подводное течение=, медленно сносит нас с правильного курса.",352,352.0,True,2,1.0,False,"скрытая от непосредственного восприятия деятельность, не совпадающая с открытой, явной деятельностью",(геогр.) подводное поступательное движение воды в океанах и морях,False,False
1606,"Если эти взгляды определяют «верхний слой» романа, то его «=подводное течение=» связано с идеями, весьма далекими от коммунистической партийности.",352,352.0,True,2,1.0,False,"скрытая от непосредственного восприятия деятельность, не совпадающая с открытой, явной деятельностью",(геогр.) подводное поступательное движение воды в океанах и морях,False,False
1608,"Быт людей, составляя как бы =подводное течение= жизни лаборатории, обходил Лобанова стороной, и постепенно это становилось привычкой.",352,352.0,True,2,1.0,False,"скрытая от непосредственного восприятия деятельность, не совпадающая с открытой, явной деятельностью",(геогр.) подводное поступательное движение воды в океанах и морях,False,False
1615,"Тут Прахов =наддает пару=, указывает на одного из «увальней», говорит, что «Св. Варвару» создал вот здесь присутствующий Михаил Васильевич Нестеров.",353,,False,2,,False,"увеличить старания, приложить все силы, заставить действовать активнее, подстегнуть",none,False,False
1621,"Киевский двор после летнего дождика пробуждается медленно, томно потягивает свой утренний кофе, любуется росой, птичьей братией, сосредоточенно копошащейся в асфальтовых разломах, наполненных темной дождевой водой, пухом облетающих одуванчиков и мелким =подножным кормом=.",354,354.0,True,1,2.0,False,"(сельхоз.) трава, растущая на лугах и пастбищах и служащая кормом пасущемуся скоту","1 даровое питание, 2 средства существования, добываемые, где и как придется",False,False
1625,"Ему надо помочь, внести ясность, =поставить диагноз=, объяснить ход своих мыслей и назначения, но не вступать с ним в неравный бой переубеждений.",358,358.0,True,2,1.0,False,"осмыслить, оценить",определить болезнь на основании данных исследования больного,False,False
1635,"Дело угасло, старший сын, Андрей, пошел в депо, ремонтировал =приводные ремни= к станкам, чинил сиденья в вагонах, второй сын, Петрусь, работал на кожзаводе, а старик продолжал кустарничать со своими хомутами.",363,363.0,True,1,2.0,False,механизм для приведения в движение различных машин,"средство сдерживания, ограничения",False,False
1639,"В последнее время президент демонстрирует очевидную готовность =проложить новый курс= во внешней и внутренней политике, сочетая незаурядный инстинкт и трезвый геополитический расчет.",365,,False,2,,False,создать / создавать условия для развития чего-нибудь,none,False,False
1650,"Пример главных героев в отношениях (пусть не всегда идущих гладко — а иначе крепкое чувство не сохранишь), в обыденной жизни (опять же, пусть не всегда кажущейся благосклонной) — это пример высококультурный и глубоконравственный!  Они — ЛЮДИ =с большой буквы=. Гениальны все образы.",369,369.0,True,2,1.0,False,"обладающий самыми высокими положительными качествами, с точки зрения говорящего",прописная буква,False,False
1654,"Я действовал согласно своему искреннему убеждению и для себя не искал ничего. Я =сел на мель=, как многие, лучшие — до меня, но то, чего я желал, не может погибнуть не потому, что я этого желал, а потому что то, чего я желал неизбежно.",373,373.0,True,2,1.0,False,1 оказаться / оказываться в затруднительном положении; 2 остаться / оставаться без денег,"попасть на возвышение дна в море, реке, образованное наносом песка, опасное для судов",False,False
1661,"А может, вам больше понравится =смирительная рубашка=?",376,376.0,True,1,2.0,False,"специальная одежда для больных, страдающих буйным помешательством, лишающая их возможности двигаться","что-то (меры, положения, законы), насильственно ограничивающее деятельность кого-либо",False,False
1672,"Информационные технологии становятся =становым хребтом= современной науки и цивилизации в целом, и их роль в ХХI веке будет стремительно возрастать.",379,379.0,True,2,1.0,False,"основа, важнейшая, существенная часть чего-либо",позвоночник,False,False
1682,"Она предупредила, что большой =сторожевой пес= весь день на цепи, но в двенадцать ночи его спускают гулять перед входом по протянутой через двор проволоке.",381,381.0,True,1,2.0,False,порода служебных собак,"1 телохранитель; 2 человек, ревностно служащий реакционным силам общества",False,False
1683,"Пахнет гарью, тяжелой хвоей, лают =сторожевые псы= и слышна лагерная брань.",381,381.0,True,1,2.0,False,порода служебных собак,"1 телохранитель; 2 человек, ревностно служащий реакционным силам общества",False,False
1688,"Их перевозили с Большой Лубянки на Сухановскую дачу-безысходную зловещую подмосковную тюрьму, откуда многие уходили в могилу или в =сумасшедший дом=.",382,382.0,True,1,2.0,False,"больница для душевнобольных, сумасшедших","— «крайний беспорядок, полная неразбериха в чем-либо, невыносимый шум, суматоха",False,False
1695,"Эти задачи шаг за шагом решали сотни людей и, продвинув решение на шаг, отставали, =сходили с круга=, надорвавшись.",384,384.0,True,1,2.0,False,сходить с дистанции,"терять / потерять свои качества, силы",False,False
1697,"Потом ее обогнали другие лошади, и она сама =сошла с круга=.",384,384.0,True,1,2.0,False,сходить с дистанции,"терять / потерять свои качества, силы",False,False
1712,"Он нажал на курок с яростью, остывшей за сорок лет ожидания до =точки замерзания=.",390,390.0,True,2,1.0,False,"остановка в движении, развитии чего-либо","точка на шкале термометра, показывающая 0°с — температуру превращения воды в лед",False,False
1718,"В руках человека, посвященного в научное наследие стоика Эпиктета и певца земных услад Эпикура, оказался =философский камень= — соблазнительное средство превращения не заслуженной студентом оценки в «золото».",398,398.0,True,2,1.0,False,"что-либо, способное оказывать большое положительное воздействие; источник успехов, достижений","по представлениям средневековых алхимиков, чудодейственное вещество, могущее превращать металлы в золото",False,False
1719,"Авторы могучих сибирских романов искали и даже находили горячий =философский камень=, крестя европейский индивидуализм общинными, семейными, богоугодными и безнадежно дубовыми ценностями.",398,398.0,True,2,1.0,False,"что-либо, способное оказывать большое положительное воздействие; источник успехов, достижений","по представлениям средневековых алхимиков, чудодейственное вещество, могущее превращать металлы в золото",False,False
1722,"Однако, подобно Кокошко, в своем переводе Кутик решает опять-таки внутритекстовую задачу, рабочую для переводчика задачу поэтической выразительности, а «статус бытийности» оказывается =холостым выстрелом=.",402,402.0,True,2,1.0,False,"бесполезное, бесцельное действие","(воен.) выстрел, который не имеет снаряда и служит для имитации стрельбы",False,False
1726,Лишний миллиметр — и =центр тяжести= уже где-то позади.,403,403.0,True,1,2.0,False,"(физ.) точка, связанная с твердым телом и являющаяся центром сил, действующих на все частицы этого тела","предмет внимания, интересов, совокупность свойств, сосредоточие чего-либо, которые становятся, оказываются или квалифицируются как самое главное, основополагающее в какой-то ситуации, в какой-то период времени",False,False
1736,Молекулы-жертвы теряют электрон и сами превращаются в радикалы — происходит =цепная реакция=.,405,405.0,True,1,2.0,False,"(физ. хим.) реакция, при которой один ядерный или атомный акт реакции приводит к последовательной реакции большого числа атомов, молекул и ядер","события, поступки, действия, вызванные одним событием, поступком, действием",False,False
1743,"Для любого тракториста или шофера вверенный им механизм не «=черный ящик=», не «вещь-в-себе», а учебное пособие, игрушка, сварганенная на трудотерапии в Кащенке.",408,408.0,True,2,1.0,False,тайна,"(авиа) устройство, контролирующее работу бортовых систем самолета",False,False
